Q1. Age,Q2. Province,Q3. District,Q4. Local Authority,Q5. Area Type,Q6. Place Type,Q7. No. of People,Q8. Land Size,Q9. Waste Storage Method,Q10. Bag Size,Q11. Bin Size,Q12a. Food Waste (bags),Q12b. Garden Waste (bags),Q12c. Plastic (bags),Q12d. Paper (bags),Q12e. Glass (bags),Q12f. Metal (bags),Q12g. E-Waste (bags),Q12h. Textile (bags),Q12i. Rubber (bags),Q12j. Coconut (bags),Q12k. Packaging (bags),Q12l. Medical (bags),Q12m. Other (bags),Q13a. Food Waste (bins),Q13b. Garden Waste (bins),Q13c. Plastic (bins),Q13d. Paper (bins),Q13e. Glass (bins),Q13f. Metal (bins),Q13g. E-Waste (bins),Q13h. Textile (bins),Q13i. Rubber (bins),Q13j. Coconut (bins),Q13k. Packaging (bins),Q13l. Medical (bins),Q13m. Other (bins),Q14. Separate Recyclables?,Q15. Recycle Waste?,Q16. How Recycle?,Q17. Income from Recyclables?,Q18. Monthly Income (Rs.),Q19. Distance to Collection Point,Q20. Collection Frequency,Q21. Disposal Method,Q22. Monthly Spend (Rs.),Q23. Biggest Problem,Q24. Use Mobile App?,Q25. Satisfaction
70 years and above,Western,Colombo (කොළඹ),Maharagama Urban Council,Urban (නාගරික),Household,5 - 6 persons,10–19 perches (250–499 m²),Waste Bags,Medium Bag,,1.0,,1.0,,,,,,,,,,,,,,,,,,,,,,,,Yes,Yes,Hand over to recycling centers,Yes,"Rs. 5,000 and above",More than 2 km,Weekly,"Municipal collection service (මහ නගර / ප්‍රාදේශීය සභා සේවාව මගින්), Private collection service (පෞද්ගලික එකතු කිරීමේ සේවාව මගින්)",No expenditure,Other: __________,Yes,Very Satisfied
50 - 59 years,Western,Gampaha (ගම්පහ),Gampaha Municipal Council,Semi-urban (අර්ධ නාගරික),Household,5 - 6 persons,10–19 perches (250–499 m²),Both Bags and Bins,Large Bag,Large Bin,1.0,2.0,1.0,1.0,1/2,0.0,0.0,0.0,0.0,1/2,0.0,0.0,,1.0,2.0,,,,,,,,,,,,Yes,Yes,Sell to collectors,Yes,Less than Rs. 500,More than 2 km,Other: __________,"Municipal collection service (මහ නගර / ප්‍රාදේශීය සභා සේවාව මගින්), Composting (කොම්පෝස්ට් කිරීම)",Less than Rs. 500,Lack of recycling facilities,Yes,Very Dissatisfied
20 - 29 years,Western,Colombo (කොළඹ),Colombo Municipal Council,Semi-urban (අර්ධ නාගරික),Household,3 - 4 persons,Less than 10 perches (<250 m²),Waste Bins,,Medium Bin,,,,,,,,,,,,,,1.0,1/2,1/2,0.0,0.0,0.0,0.0,0.0,0.0,0.0,0.0,0.0,0.0,Yes,Yes,Reuse at home,No,,More than 2 km,Weekly,Municipal collection service (මහ නගර / ප්‍රාදේශීය සභා සේවාව මගින්),No expenditure,Limited space for waste storage,Yes,Satisfied
20 - 29 years,Southern,Galle (ගාල්ල),Bentota Pradeshiya Sabha,Semi-urban (අර්ධ නාගරික),Household,5 - 6 persons,20–39 perches (500–999 m²),Other (Specify),Medium Bag,Medium Bin,1/2,2.0,1/2,1.0,0.0,0.0,0.0,0.0,0.0,1.0,0.0,1/2,0.0,1.0,2.0,0.0,1/2,0.0,0.0,0.0,0.0,0.0,1.0,0.0,1/2,0.0,Yes,Yes,Reuse at home,Yes,Less than Rs. 500,No collection point available,Other: __________,"Composting (කොම්පෝස්ට් කිරීම), Burying (වළ දැමීම), Burning in an open area (විවෘතව ගිනි තැබීම)","Rs. 1,000–2,999","Irregular waste collection, Lack of awareness, Bad smell/pests",Yes,Neutral
20 - 29 years,Western,Kalutara (කළුතර),Madurawala Pradeshiya Sabha,Rural (ග්‍රාමීය),Household,More than 8 persons,20–39 perches (500–999 m²),Both Bags and Bins,Extra Large Bag,Medium Bin,1.0,2.0,1.0,1/2,0.0,1/2,1/2,0.0,0.0,0.0,1/2,1/2,1/2,1/2,1/2,1.0,1/2,0.0,1/2,1/2,0.0,0.0,0.0,1/2,1/2,1/2,Yes,No,,No,,1–2 km,Other: __________,Burning in an open area (විවෘතව ගිනි තැබීම),No expenditure,Limited space for waste storage,Yes,Neutral
20 - 29 years,Western,Kalutara (කළුතර),Kalutara Municipal Council,Semi-urban (අර්ධ නාගරික),Household,3 - 4 persons,10–19 perches (250–499 m²),Other (Specify),,,,,,,,,,,,,,,,,,,,,,,,,,,,,Yes,Yes,Reuse at home,Yes,Less than Rs. 500,1–2 km,Weekly,"Composting (කොම්පෝස්ට් කිරීම), Burning in an open area (විවෘතව ගිනි තැබීම)",No expenditure,Limited space for waste storage,Yes,Neutral
20 - 29 years,Western,Gampaha (ගම්පහ),Attanagalla Pradeshiya Sabha,Semi-urban (අර්ධ නාගරික),Household,3 - 4 persons,10–19 perches (250–499 m²),Waste Bins,,,,,,,,,,,,,,,,,,,,,,,,,,,,,No,Yes,Sell to collectors,Yes,Less than Rs. 500,500–999 m,Other: __________,Burning in an open area (විවෘතව ගිනි තැබීම),Less than Rs. 500,Lack of recycling facilities,Yes,Neutral
50 - 59 years,Western,Colombo (කොළඹ),Kaduwela Municipal Council,Urban (නාගරික),Household,3 - 4 persons,Less than 10 perches (<250 m²),Both Bags and Bins,Large Bag,Large Bin,0.0,,1.0,1/2,0.0,0.0,1/2,1/2,1/2,0.0,0.0,0.0,0.0,1.0,1/2,1/2,1/2,0.0,0.0,0.0,0.0,1.0,0.0,0.0,0.0,0.0,Yes,No,,No,,1–2 km,Weekly,Municipal collection service (මහ නගර / ප්‍රාදේශීය සභා සේවාව මගින්),No expenditure,Bad smell/pests,Yes,Satisfied
20 - 29 years,Western,Colombo (කොළඹ),Maharagama Urban Council,Semi-urban (අර්ධ නාගරික),Household,3 - 4 persons,20–39 perches (500–999 m²),Both Bags and Bins,Large Bag,Large Bin,1.0,1/2,1.0,1.0,1/2,1/2,1/2,1.0,1/2,1/2,1/2,1/2,"1/2, 1",1/2,1/2,1/2,1/2,0.0,0.0,0.0,1/2,0.0,0.0,0.0,0.0,"0, 1/2",Yes,Yes,Reuse at home,Yes,Less than Rs. 500,More than 2 km,Twice a week,"Municipal collection service (මහ නගර / ප්‍රාදේශීය සභා සේවාව මගින්), Private collection service (පෞද්ගලික එකතු කිරීමේ සේවාව මගින්), Composting (කොම්පෝස්ට් කිරීම)",No expenditure,"Irregular waste collection, Lack of recycling facilities",Yes,Satisfied
20 - 29 years,Western,Gampaha (ගම්පහ),Gampaha Municipal Council,Urban (නාගරික),Household,5 - 6 persons,40–79 perches (1000–1999 m²),Waste Bags,Medium Bag,,2.0,2.0,2.0,2.0,2.0,2.0,2.0,2.0,2.0,2.0,2.0,2.0,2.0,,,,,,,,,,,,,,Yes,Yes,Sell to collectors,Yes,Rs. 500–999,1–2 km,Twice a week,Burning in an open area (විවෘතව ගිනි තැබීම),"Rs. 1,000–2,999",Limited space for waste storage,No,Neutral
20 - 29 years,Western,Colombo (කොළඹ),Maharagama Urban Council,Semi-urban (අර්ධ නාගරික),Household,5 - 6 persons,10–19 perches (250–499 m²),Both Bags and Bins,Medium Bag,Small Bin,2.0,2.0,3.0,2.0,0.0,1.0,1/2,0.0,1/2,2.0,3.0,1/2,1.0,2.0,2.0,3.0,2.0,0.0,1.0,1/2,0.0,1/2,2.0,3.0,1/2,1.0,No,No,,No,,Less than 100 m,Weekly,Municipal collection service (මහ නගර / ප්‍රාදේශීය සභා සේවාව මගින්),No expenditure,"Limited space for waste storage, Bad smell/pests",No,Neutral
20 - 29 years,Western,Gampaha (ගම්පහ),Kelaniya Pradeshiya Sabha,Rural (ග්‍රාමීය),Household,3 - 4 persons,10–19 perches (250–499 m²),Both Bags and Bins,Extra Large Bag,Large Bin,,,,,,,,,,,,,,1.0,,1.0,1.0,,,,,,1.0,,,,No,No,,No,,Less than 100 m,Twice a week,Municipal collection service (මහ නගර / ප්‍රාදේශීය සභා සේවාව මගින්),No expenditure,Irregular waste collection,No,Neutral
20 - 29 years,Western,Colombo (කොළඹ),Sri Jayawardenepura Kotte Municipal Council,Urban (නාගරික),Household,3 - 4 persons,20–39 perches (500–999 m²),Both Bags and Bins,Extra Large Bag,Large Bin,0.0,1/2,1/2,1/2,0.0,0.0,0.0,1/2,0.0,1/2,1/2,0.0,,2.0,0.0,0.0,0.0,0.0,0.0,0.0,0.0,0.0,0.0,0.0,0.0,0.0,Yes,Yes,Sell to collectors,Yes,Rs. 500–999,1–2 km,Twice a week,"Municipal collection service (මහ නගර / ප්‍රාදේශීය සභා සේවාව මගින්), Composting (කොම්පෝස්ට් කිරීම)","Rs. 1,000–2,999","Lack of recycling facilities, Limited space for waste storage, Bad smell/pests",Yes,Satisfied
20 - 29 years,Western,Colombo (කොළඹ),Colombo Municipal Council,Rural (ග්‍රාමීය),Household,3 - 4 persons,Less than 10 perches (<250 m²),Other (Specify),Large Bag,,1/2,1.0,1/2,1/2,0.0,0.0,0.0,0.0,0.0,1.0,0.0,0.0,0.0,1/2,1.0,1/2,1/2,0.0,0.0,0.0,0.0,0.0,1.0,0.0,0.0,0.0,Yes,Yes,Sell to collectors,Yes,Less than Rs. 500,1–2 km,Weekly,Burning in an open area (විවෘතව ගිනි තැබීම),No expenditure,Limited space for waste storage,Yes,Dissatisfied
20 - 29 years,Southern,Matara (මාතර),Matara Municipal Council,Urban (නාගරික),Household,3 - 4 persons,20–39 perches (500–999 m²),Other (Specify),Small Bag,Small Bin,1/2,1.0,1/2,1/2,0.0,1/2,1/2,1/2,0.0,1/2,1/2,1/2,,1.0,1.0,1/2,1/2,1/2,1/2,1/2,1/2,1/2,1/2,1/2,1/2,,Yes,Yes,Reuse at home,Yes,Less than Rs. 500,No collection point available,Other: __________,Composting (කොම්පෝස්ට් කිරීම),No expenditure,Other: __________,Yes,Satisfied
20 - 29 years,Western,Kalutara (කළුතර),Mathugama Pradeshiya Sabha,Semi-urban (අර්ධ නාගරික),Household,5 - 6 persons,80 perches and above (>2000 m²),Other (Specify),Large Bag,,2.0,4.0,4.0,3.0,1/2,1/2,1.0,2.0,1.0,3.0,4.0,2.0,5.0,2.0,4.0,3.0,4.0,1/2,1/2,1.0,2.0,1/2,3.0,2.0,1.0,3.0,Yes,Yes,Sell to collectors,Yes,Less than Rs. 500,Less than 100 m,Twice a week,Municipal collection service (මහ නගර / ප්‍රාදේශීය සභා සේවාව මගින්),Less than Rs. 500,Lack of recycling facilities,Yes,Satisfied
20 - 29 years,Western,Colombo (කොළඹ),Kesbewa Urban Council,Urban (නාගරික),Household,3 - 4 persons,10–19 perches (250–499 m²),Waste Bins,,Medium Bin,,,,,,,,,,,,,,1.0,,,,,,,,,,,,,Yes,No,,No,,1–2 km,Twice a week,Municipal collection service (මහ නගර / ප්‍රාදේශීය සභා සේවාව මගින්),Less than Rs. 500,Limited space for waste storage,No,Satisfied
20 - 29 years,North Western,Kurunegala (කුරුණෑගල),Narammala Pradeshiya Sabha,Semi-urban (අර්ධ නාගරික),Household,3 - 4 persons,20–39 perches (500–999 m²),Both Bags and Bins,Medium Bag,Small Bin,1.0,1.0,1/2,1/2,1/2,1/2,1/2,1/2,1/2,1.0,1/2,0.0,0.0,1/2,1/2,,0.0,0.0,0.0,0.0,0.0,0.0,0.0,0.0,0.0,0.0,Yes,Yes,Hand over to recycling centers,Yes,Rs. 500–999,More than 2 km,Weekly,Municipal collection service (මහ නගර / ප්‍රාදේශීය සභා සේවාව මගින්),Less than Rs. 500,Bad smell/pests,Yes,Satisfied
20 - 29 years,Western,Kalutara (කළුතර),Kalutara Municipal Council,Urban (නාගරික),Household,3 - 4 persons,20–39 perches (500–999 m²),Waste Bins,,Extra Large Bin,,,,,,,,,,,,,,1.0,1.0,1/2,0.0,1/2,1/2,0.0,0.0,0.0,1/2,1/2,0.0,,Yes,Yes,Sell to collectors,Yes,Less than Rs. 500,Less than 100 m,Weekly,"Municipal collection service (මහ නගර / ප්‍රාදේශීය සභා සේවාව මගින්), Composting (කොම්පෝස්ට් කිරීම)",No expenditure,Bad smell/pests,Yes,Neutral
20 - 29 years,Western,Kalutara (කළුතර),Mathugama Pradeshiya Sabha,Rural (ග්‍රාමීය),Household,3 - 4 persons,Less than 10 perches (<250 m²),Waste Bins,,Small Bin,,,,,,,,,,,,,,1/2,2.0,0.0,0.0,0.0,0.0,0.0,0.0,0.0,7.0,0.0,0.0,,Yes,Yes,Sell to collectors,Yes,Less than Rs. 500,More than 2 km,Weekly,Municipal collection service (මහ නගර / ප්‍රාදේශීය සභා සේවාව මගින්),No expenditure,Irregular waste collection,Yes,Satisfied
20 - 29 years,Southern,Matara (මාතර),Matara Municipal Council,Rural (ග්‍රාමීය),Household,3 - 4 persons,80 perches and above (>2000 m²),Both Bags and Bins,Medium Bag,Medium Bin,2.0,5.0,1/2,1/2,0.0,0.0,1/2,1/2,"0, 1/2",1.0,1/2,0.0,0.0,,,,,,,,,,,,,,Yes,Yes,Reuse at home,Yes,Less than Rs. 500,100–499 m,Twice a week,"Composting (කොම්පෝස්ට් කිරීම), Burning in an open area (විවෘතව ගිනි තැබීම)",No expenditure,"Lack of recycling facilities, Limited space for waste storage, Bad smell/pests",Yes,Satisfied
50 - 59 years,Western,Colombo (කොළඹ),Maharagama Urban Council,Urban (නාගරික),Household,3 - 4 persons,Less than 10 perches (<250 m²),Waste Bags,Large Bag,,1/2,1/2,1/2,1.0,0.0,0.0,0.0,0.0,0.0,1/2,1/2,0.0,,,,,,,,,,,,,,,Yes,No,,No,,More than 2 km,Weekly,Municipal collection service (මහ නගර / ප්‍රාදේශීය සභා සේවාව මගින්),No expenditure,"Irregular waste collection, Limited space for waste storage, Bad smell/pests",Yes,Satisfied
50 - 59 years,Western,Colombo (කොළඹ),Kaduwela Municipal Council,Urban (නාගරික),Household,3 - 4 persons,Less than 10 perches (<250 m²),Both Bags and Bins,,Medium Bin,,,,,,,,,,,,,,1/2,1/2,1/2,,,,,1/2,,1/2,,,1/2,Yes,No,,Yes,Less than Rs. 500,More than 2 km,Weekly,Municipal collection service (මහ නගර / ප්‍රාදේශීය සභා සේවාව මගින්),No expenditure,Bad smell/pests,Yes,Satisfied
20 - 29 years,Western,Colombo (කොළඹ),Kotikawatta Mulleriyawa Pradeshiya Sabha,Urban (නාගරික),Household,3 - 4 persons,10–19 perches (250–499 m²),Both Bags and Bins,Large Bag,Medium Bin,1/2,1/2,1/2,1/2,0.0,1/2,0.0,0.0,0.0,1/2,1/2,1/2,1/2,1/2,1/2,1/2,1/2,1/2,1/2,1/2,1/2,1/2,1/2,1/2,1/2,1/2,Yes,Yes,Sell to collectors,Yes,Less than Rs. 500,1–2 km,Twice a week,"Municipal collection service (මහ නගර / ප්‍රාදේශීය සභා සේවාව මගින්), Composting (කොම්පෝස්ට් කිරීම)",Less than Rs. 500,"Lack of recycling facilities, Bad smell/pests",Yes,Neutral
20 - 29 years,Western,Gampaha (ගම්පහ),Biyagama Pradeshiya Sabha,Rural (ග්‍රාමීය),Household,3 - 4 persons,Less than 10 perches (<250 m²),Both Bags and Bins,Extra Large Bag,Extra Large Bin,1/2,0.0,2.0,1/2,1/2,1/2,"0, 1/2",0.0,"0, 1/2","1/2, 1",1/2,1/2,1/2,1/2,0.0,2.0,1/2,1/2,1/2,"0, 1/2",0.0,"0, 1/2","1/2, 1",1/2,1/2,1/2,No,No,,No,,More than 2 km,Weekly,Burning in an open area (විවෘතව ගිනි තැබීම),No expenditure,"Irregular waste collection, Lack of recycling facilities, Limited space for waste storage, Bad smell/pests",Yes,Neutral
20 - 29 years,Western,Colombo (කොළඹ),Homagama Pradeshiya Sabha,Urban (නාගරික),Household,5 - 6 persons,20–39 perches (500–999 m²),Both Bags and Bins,Large Bag,Extra Large Bin,"1/2, 1, 2",1/2,1/2,1/2,0.0,0.0,0.0,0.0,0.0,1/2,"0, 1/2",1/2,1/2,1/2,"0, 1/2",1/2,1/2,0.0,1/2,0.0,0.0,0.0,1/2,1/2,0.0,1/2,Yes,Yes,Reuse at home,Yes,Less than Rs. 500,Less than 100 m,Once every two weeks,Private collection service (පෞද්ගලික එකතු කිරීමේ සේවාව මගින්),"Rs. 1,000–2,999",Lack of recycling facilities,No,Satisfied
20 - 29 years,North Western,Kurunegala (කුරුණෑගල),Kurunegala Municipal Council,Semi-urban (අර්ධ නාගරික),Household,3 - 4 persons,20–39 perches (500–999 m²),Both Bags and Bins,Medium Bag,Medium Bin,1/2,1/2,1/2,1/2,1/2,1/2,1/2,1/2,1/2,1/2,1/2,1/2,1/2,1/2,1/2,1/2,1/2,1/2,1/2,1/2,1/2,1/2,1/2,1/2,1/2,1/2,Yes,No,,No,,100–499 m,Monthly,Municipal collection service (මහ නගර / ප්‍රාදේශීය සභා සේවාව මගින්),Less than Rs. 500,Irregular waste collection,No,Neutral
20 - 29 years,Southern,Matara (මාතර),Other / Not sure,Semi-urban (අර්ධ නාගරික),Household,5 - 6 persons,10–19 perches (250–499 m²),Both Bags and Bins,Large Bag,Large Bin,1.0,2.0,"0, 1/2",0.0,0.0,0.0,0.0,0.0,0.0,1/2,0.0,0.0,,1/2,1.0,0.0,0.0,0.0,0.0,0.0,0.0,0.0,0.0,0.0,0.0,,Yes,Yes,Sell to collectors,Yes,Less than Rs. 500,1–2 km,Once every two weeks,"Municipal collection service (මහ නගර / ප්‍රාදේශීය සභා සේවාව මගින්), Burying (වළ දැමීම)",No expenditure,"Irregular waste collection, Lack of recycling facilities, Limited space for waste storage, Bad smell/pests",Yes,Neutral
20 - 29 years,North Western,Kurunegala (කුරුණෑගල),Kurunegala Municipal Council,Rural (ග්‍රාමීය),Household,3 - 4 persons,20–39 perches (500–999 m²),Both Bags and Bins,Medium Bag,Medium Bin,1.0,1.0,1/2,1/2,0.0,1/2,0.0,0.0,0.0,1/2,1/2,0.0,1/2,1/2,1/2,0.0,0.0,0.0,0.0,0.0,0.0,0.0,1/2,1/2,0.0,0.0,No,Yes,Sell to collectors,Yes,Less than Rs. 500,No collection point available,Monthly,Burning in an open area (විවෘතව ගිනි තැබීම),No expenditure,Limited space for waste storage,No,Very Dissatisfied
20 - 29 years,Western,Colombo (කොළඹ),Maharagama Urban Council,Urban (නාගරික),Household,3 - 4 persons,20–39 perches (500–999 m²),Both Bags and Bins,Large Bag,Large Bin,2.0,1/2,0.0,1/2,0.0,0.0,0.0,0.0,0.0,0.0,1/2,0.0,0.0,2.0,0.0,0.0,1.0,0.0,0.0,0.0,0.0,0.0,0.0,1/2,0.0,0.0,Yes,No,,No,,More than 2 km,Twice a week,Municipal collection service (මහ නගර / ප්‍රාදේශීය සභා සේවාව මගින්),No expenditure,"Limited space for waste storage, Bad smell/pests",Yes,Satisfied
20 - 29 years,Southern,Galle (ගාල්ල),Galle Municipal Council,Semi-urban (අර්ධ නාගරික),Household,1 - 2 persons,20–39 perches (500–999 m²),Both Bags and Bins,Large Bag,,1.0,1.0,1.0,1.0,1.0,1/2,0.0,0.0,0.0,1/2,1/2,0.0,,,,,,,,,,,,,,,Yes,Yes,Sell to collectors,Yes,Less than Rs. 500,No collection point available,No,"Composting (කොම්පෝස්ට් කිරීම), Burying (වළ දැමීම)",No expenditure,"High cost of waste disposal, Bad smell/pests",No,Very Dissatisfied
20 - 29 years,Southern,Matara (මාතර),Pasgoda Pradeshiya Sabha,Semi-urban (අර්ධ නාගරික),Household,5 - 6 persons,80 perches and above (>2000 m²),Waste Bins,,Extra Large Bin,,,,,,,,,,,,,,1.0,1/2,1/2,1/2,1/2,1/2,1/2,1/2,1/2,1/2,1/2,1/2,1/2,No,Yes,Sell to collectors,Yes,"Rs. 5,000 and above",No collection point available,No,"Composting (කොම්පෝස්ට් කිරීම), Burying (වළ දැමීම), Burning in an open area (විවෘතව ගිනි තැබීම)",Rs. 500–999,"Lack of recycling facilities, Limited space for waste storage",Yes,Very Dissatisfied
20 - 29 years,Western,Colombo (කොළඹ),Homagama Pradeshiya Sabha,Semi-urban (අර්ධ නාගරික),Household,3 - 4 persons,Less than 10 perches (<250 m²),Waste Bins,,Extra Large Bin,,,,,,,,,,,,,,1.0,0.0,1.0,1.0,0.0,0.0,0.0,1/2,0.0,0.0,0.0,0.0,,Yes,Yes,Hand over to recycling centers,No,,More than 2 km,Weekly,Municipal collection service (මහ නගර / ප්‍රාදේශීය සභා සේවාව මගින්),No expenditure,Nothing,No,Satisfied
20 - 29 years,Southern,Matara (මාතර),Matara Municipal Council,Urban (නාගරික),Household,5 - 6 persons,10–19 perches (250–499 m²),Both Bags and Bins,Extra Large Bag,Extra Large Bin,1.0,1/2,1/2,1/2,0.0,1/2,0.0,0.0,0.0,0.0,0.0,0.0,,1.0,1/2,1/2,0.0,0.0,0.0,0.0,0.0,0.0,0.0,0.0,0.0,,Yes,Yes,Sell to collectors,No,,More than 2 km,Twice a week,Municipal collection service (මහ නගර / ප්‍රාදේශීය සභා සේවාව මගින්),"Rs. 5,000 and above","Irregular waste collection, Lack of recycling facilities, Limited space for waste storage",Yes,Neutral
20 - 29 years,North Western,Kurunegala (කුරුණෑගල),Narammala Pradeshiya Sabha,Rural (ග්‍රාමීය),Household,3 - 4 persons,20–39 perches (500–999 m²),Waste Bins,,Large Bin,,,,,,,,,,,,,,4.0,4.0,1.0,1.0,1/2,1/2,1/2,1/2,1/2,1/2,1/2,1/2,1/2,Yes,Yes,Reuse at home,Yes,Less than Rs. 500,More than 2 km,Weekly,"Municipal collection service (මහ නගර / ප්‍රාදේශීය සභා සේවාව මගින්), Composting (කොම්පෝස්ට් කිරීම), Burying (වළ දැමීම)",No expenditure,Irregular waste collection,Yes,Neutral
20 - 29 years,Western,Colombo (කොළඹ),Moratuwa Municipal Council,Urban (නාගරික),Household,5 - 6 persons,10–19 perches (250–499 m²),Waste Bins,,Small Bin,,,,,,,,,,,,,,,,,,,,,,,,,,,Yes,Yes,Sell to collectors,Yes,Rs. 500–999,1–2 km,Twice a week,"Municipal collection service (මහ නගර / ප්‍රාදේශීය සභා සේවාව මගින්), Burning in an open area (විවෘතව ගිනි තැබීම)",No expenditure,Lack of recycling facilities,Yes,Satisfied
20 - 29 years,Western,Gampaha (ගම්පහ),Dompe Pradeshiya Sabha,Semi-urban (අර්ධ නාගරික),Household,3 - 4 persons,40–79 perches (1000–1999 m²),Both Bags and Bins,Small Bag,Medium Bin,1.0,1/2,1/2,1.0,1/2,1/2,1/2,1/2,1/2,,1.0,1/2,1/2,1.0,1/2,1/2,1/2,1/2,1/2,1/2,1/2,1/2,1.0,1.0,1/2,1/2,Yes,Yes,Sell to collectors,No,,100–499 m,Daily,Composting (කොම්පෝස්ට් කිරීම),No expenditure,Irregular waste collection,No,Neutral
20 - 29 years,Western,Gampaha (ගම්පහ),Ja-Ela Pradeshiya Sabha,Semi-urban (අර්ධ නාගරික),Household,3 - 4 persons,10–19 perches (250–499 m²),Both Bags and Bins,Medium Bag,Medium Bin,2.0,1/2,1.0,1/2,1/2,1/2,0.0,0.0,1/2,1/2,1/2,0.0,1.0,2.0,1.0,1.0,1/2,0.0,1/2,0.0,0.0,0.0,0.0,0.0,0.0,1/2,Yes,Yes,Sell to collectors,Yes,Less than Rs. 500,1–2 km,Weekly,"Municipal collection service (මහ නගර / ප්‍රාදේශීය සභා සේවාව මගින්), Burning in an open area (විවෘතව ගිනි තැබීම)",Rs. 500–999,Bad smell/pests,Yes,Satisfied
20 - 29 years,Western,Gampaha (ගම්පහ),Ja - Ela Urban Council,Urban (නාගරික),Household,5 - 6 persons,Less than 10 perches (<250 m²),Both Bags and Bins,Large Bag,Medium Bin,7.0,3.0,4.0,4.0,1.0,1.0,"0, 1/2",1/2,0.0,0.0,0.0,0.0,0.0,1.0,0.0,1.0,1.0,0.0,0.0,0.0,0.0,0.0,0.0,0.0,0.0,0.0,Yes,Yes,Sell to collectors,No,,Less than 100 m,Twice a week,Municipal collection service (මහ නගර / ප්‍රාදේශීය සභා සේවාව මගින්),No expenditure,"Limited space for waste storage, Bad smell/pests",Yes,Neutral
20 - 29 years,Western,Gampaha (ගම්පහ),Dompe Pradeshiya Sabha,Rural (ග්‍රාමීය),Household,5 - 6 persons,80 perches and above (>2000 m²),Waste Bins,,Small Bin,,,,,,,,,,,,,,6.0,More than 10,4.0,2.0,0.0,1/2,0.0,1/2,0.0,More than 10,1/2,1/2,0.0,Yes,Yes,Sell to collectors,Yes,Less than Rs. 500,No collection point available,Never,"Dumping in open areas (විවෘත ස්ථානවල දැමීම), Burning in an open area (විවෘතව ගිනි තැබීම)",No expenditure,Lack of recycling facilities,Yes,Very Dissatisfied
20 - 29 years,Western,Gampaha (ගම්පහ),Gampaha Municipal Council,Semi-urban (අර්ධ නාගරික),Household,5 - 6 persons,10–19 perches (250–499 m²),Waste Bins,,Medium Bin,,,,,,,,,,,,,,1/2,1/2,1/2,1/2,0.0,0.0,0.0,0.0,0.0,1/2,0.0,0.0,0.0,Yes,No,,No,,No collection point available,Monthly,"Burying (වළ දැමීම), Burning in an open area (විවෘතව ගිනි තැබීම)",No expenditure,"Irregular waste collection, Lack of recycling facilities, Lack of awareness",Yes,Dissatisfied
20 - 29 years,Western,Colombo (කොළඹ),Seethawakapura Urban Council,Semi-urban (අර්ධ නාගරික),Household,5 - 6 persons,20–39 perches (500–999 m²),Both Bags and Bins,Extra Large Bag,Large Bin,2.0,2.0,1.0,2.0,0.0,0.0,1/2,1/2,1/2,2.0,2.0,0.0,1.0,2.0,2.0,1.0,2.0,0.0,0.0,1.0,1.0,1/2,2.0,2.0,0.0,1/2,Yes,Yes,Sell to collectors,Yes,"Rs. 1,000–2,999",100–499 m,Daily,"Municipal collection service (මහ නගර / ප්‍රාදේශීය සභා සේවාව මගින්), Burning in an open area (විවෘතව ගිනි තැබීම)",No expenditure,Lack of recycling facilities,No,Satisfied
20 - 29 years,Western,Kurunegala (කුරුණෑගල),Alawwa Pradeshiya Sabha,Semi-urban (අර්ධ නාගරික),Household,3 - 4 persons,20–39 perches (500–999 m²),Waste Bins,,Large Bin,,,,,,,,,,,,,,0.0,1/2,1/2,1/2,1/2,1/2,1/2,1.0,1/2,1.0,1/2,1.0,1/2,Yes,Yes,Reuse at home,Yes,Less than Rs. 500,More than 2 km,Weekly,Municipal collection service (මහ නගර / ප්‍රාදේශීය සභා සේවාව මගින්),No expenditure,Lack of awareness,Yes,Neutral
20 - 29 years,North Western,Kurunegala (කුරුණෑගල),Ridigama Pradeshiya Sabha,Rural (ග්‍රාමීය),Household,5 - 6 persons,80 perches and above (>2000 m²),Waste Bins,,Small Bin,,,,,,,,,,,,,,,,,,,,,,,,,,,Yes,Yes,Reuse at home,No,,No collection point available,No collection,"Composting (කොම්පෝස්ට් කිරීම), Burning in an open area (විවෘතව ගිනි තැබීම)",No expenditure,Lack of recycling facilities,No,Satisfied
20 - 29 years,Western,Colombo (කොළඹ),Kesbewa Urban Council,Semi-urban (අර්ධ නාගරික),Household,3 - 4 persons,20–39 perches (500–999 m²),Both Bags and Bins,Medium Bag,Large Bin,3.0,2.0,2.0,2.0,2.0,1.0,0.0,1.0,0.0,2.0,1.0,1/2,0.0,4.0,3.0,2.0,2.0,1.0,1/2,1/2,1/2,1.0,3.0,1/2,0.0,1/2,No,Yes,Sell to collectors,Yes,Less than Rs. 500,500–999 m,Twice a week,"Municipal collection service (මහ නගර / ප්‍රාදේශීය සභා සේවාව මගින්), Composting (කොම්පෝස්ට් කිරීම)",No expenditure,Lack of awareness,No,Neutral
20 - 29 years,Southern,Galle (ගාල්ල),Galle Municipal Council,Semi-urban (අර්ධ නාගරික),Household,3 - 4 persons,40–79 perches (1000–1999 m²),Both Bags and Bins,Medium Bag,Medium Bin,2.0,1.0,1/2,1/2,1/2,1/2,1/2,1/2,1/2,1.0,1.0,1.0,,2.0,1.0,1/2,1/2,1/2,1/2,1/2,1/2,1/2,1/2,1/2,1/2,,Yes,Yes,Sell to collectors,Yes,Less than Rs. 500,More than 2 km,No,"Composting (කොම්පෝස්ට් කිරීම), Burning in an open area (විවෘතව ගිනි තැබීම)",Less than Rs. 500,Lack of recycling facilities,Yes,Very Dissatisfied
20 - 29 years,Western,Gampaha (ගම්පහ),Gampaha Municipal Council,Urban (නාගරික),Household,3 - 4 persons,10–19 perches (250–499 m²),Waste Bins,,Medium Bin,,,,,,,,,,,,,,1/2,1/2,1/2,0.0,0.0,0.0,0.0,1/2,1/2,0.0,1/2,1/2,0.0,Yes,Yes,Sell to collectors,Yes,Rs. 500–999,1–2 km,Weekly,"Municipal collection service (මහ නගර / ප්‍රාදේශීය සභා සේවාව මගින්), Composting (කොම්පෝස්ට් කිරීම)",No expenditure,Bad smell/pests,Yes,Satisfied
50 - 59 years,Southern,Galle (ගාල්ල),Galle Municipal Council,Semi-urban (අර්ධ නාගරික),Household,3 - 4 persons,40–79 perches (1000–1999 m²),Both Bags and Bins,Medium Bag,Medium Bin,2.0,1.0,1.0,1.0,1.0,1.0,1.0,1.0,1.0,1.0,1.0,1.0,1.0,2.0,1.0,1.0,1.0,1.0,1.0,1.0,1.0,1.0,1.0,1.0,1.0,1.0,Yes,Yes,Sell to collectors,Yes,Less than Rs. 500,More than 2 km,No,"Composting (කොම්පෝස්ට් කිරීම), Burying (වළ දැමීම), Burning in an open area (විවෘතව ගිනි තැබීම)",Less than Rs. 500,Lack of recycling facilities,Yes,Very Dissatisfied
20 - 29 years,Western,Kalutara (කළුතර),Panadura Pradeshiya Sabha,Semi-urban (අර්ධ නාගරික),Household,5 - 6 persons,10–19 perches (250–499 m²),Waste Bins,,Medium Bin,,,,,,,,,,,,,,1.0,0.0,1/2,1/2,0.0,1/2,0.0,1/2,0.0,1.0,1/2,0.0,,Yes,No,,No,,500–999 m,Twice a week,Municipal collection service (මහ නගර / ප්‍රාදේශීය සභා සේවාව මගින්),No expenditure,"Lack of recycling facilities, Limited space for waste storage, Bad smell/pests",Yes,Neutral
20 - 29 years,Western,Colombo (කොළඹ),Seethawaka Pradeshiya Sabha,Rural (ග්‍රාමීය),Household,3 - 4 persons,20–39 perches (500–999 m²),Waste Bins,,Medium Bin,,,,,,,,,,,,,,2.0,2.0,1/2,1/2,0.0,0.0,0.0,0.0,0.0,1/2,1/2,0.0,0.0,Yes,Yes,Sell to collectors,Yes,Less than Rs. 500,More than 2 km,Never,"Municipal collection service (මහ නගර / ප්‍රාදේශීය සභා සේවාව මගින්), Composting (කොම්පෝස්ට් කිරීම)",No expenditure,"Lack of recycling facilities, Bad smell/pests",No,Neutral
20 - 29 years,Southern,Galle (ගාල්ල),Galle Municipal Council,Semi-urban (අර්ධ නාගරික),Annex,3 - 4 persons,10–19 perches (250–499 m²),Waste Bins,,Large Bin,,,,,,,,,,,,,,2.0,1.0,2.0,0.0,,1/2,1.0,0.0,,1.0,1.0,1.0,0.0,Yes,Yes,Sell to collectors,Yes,Rs. 500–999,100–499 m,Weekly,Composting (කොම්පෝස්ට් කිරීම),Less than Rs. 500,Lack of awareness,Yes,Very Satisfied
20 - 29 years,Western,Colombo (කොළඹ),Homagama Pradeshiya Sabha,Rural (ග්‍රාමීය),Household,3 - 4 persons,20–39 perches (500–999 m²),Both Bags and Bins,Medium Bag,Medium Bin,2.0,0.0,1/2,1/2,0.0,1/2,0.0,1.0,1/2,1/2,1.0,1/2,2.0,1/2,1/2,1.0,1.0,0.0,0.0,0.0,0.0,1/2,1/2,1/2,1/2,1/2,Yes,No,,,,100–499 m,Weekly,"Municipal collection service (මහ නගර / ප්‍රාදේශීය සභා සේවාව මගින්), Burying (වළ දැමීම), Burning in an open area (විවෘතව ගිනි තැබීම)",No expenditure,"Lack of recycling facilities, Bad smell/pests",Yes,Dissatisfied
20 - 29 years,Southern,Matara (මාතර),Weligama Urban Council,Semi-urban (අර්ධ නාගරික),Household,5 - 6 persons,80 perches and above (>2000 m²),Waste Bins,,Medium Bin,,,,,,,,,,,,,,,,,,,,,,,,,,,Yes,Yes,Sell to collectors,Yes,Less than Rs. 500,1–2 km,Twice a week,"Municipal collection service (මහ නගර / ප්‍රාදේශීය සභා සේවාව මගින්), Composting (කොම්පෝස්ට් කිරීම), Burying (වළ දැමීම)",Less than Rs. 500,Limited space for waste storage,Yes,Satisfied
20 - 29 years,Western,Colombo (කොළඹ),Colombo Municipal Council,Rural (ග්‍රාමීය),Household,5 - 6 persons,10–19 perches (250–499 m²),Both Bags and Bins,Extra Large Bag,Large Bin,1/2,1/2,1.0,2.0,0.0,1/2,0.0,1/2,0.0,3.0,1.0,1.0,1.0,0.0,0.0,1/2,1.0,0.0,1/2,0.0,1.0,0.0,0.0,1/2,1/2,,Yes,Yes,Sell to collectors,Yes,"Rs. 3,000–4,999",More than 2 km,Once every two weeks,"Private collection service (පෞද්ගලික එකතු කිරීමේ සේවාව මගින්), Burning in an open area (විවෘතව ගිනි තැබීම)",No expenditure,Bad smell/pests,Yes,Neutral
20 - 29 years,Western,Gampaha (ගම්පහ),Biyagama Pradeshiya Sabha,Semi-urban (අර්ධ නාගරික),Household,5 - 6 persons,10–19 perches (250–499 m²),Both Bags and Bins,Medium Bag,Medium Bin,1.0,2.0,1/2,1/2,0.0,0.0,0.0,1/2,1/2,0.0,0.0,0.0,1/2,1.0,2.0,2.0,1.0,1/2,1/2,1.0,3.0,1.0,,1.0,1.0,3.0,Yes,Yes,Hand over to recycling centers,No,,100–499 m,Twice a week,Municipal collection service (මහ නගර / ප්‍රාදේශීය සභා සේවාව මගින්),No expenditure,Irregular waste collection,Yes,Neutral
20 - 29 years,Western,Kalutara (කළුතර),Horana Urban Council,Semi-urban (අර්ධ නාගරික),Household,3 - 4 persons,20–39 perches (500–999 m²),Both Bags and Bins,Medium Bag,Medium Bin,7.0,2.0,1.0,2.0,0.0,0.0,0.0,1/2,1/2,1.0,1/2,1/2,1.0,7.0,2.0,1.0,1/2,0.0,0.0,0.0,1/2,1/2,1.0,1/2,1/2,1.0,Yes,No,,No,,100–499 m,Daily,"Private collection service (පෞද්ගලික එකතු කිරීමේ සේවාව මගින්), Composting (කොම්පෝස්ට් කිරීම), Burying (වළ දැමීම), Burning in an open area (විවෘතව ගිනි තැබීම)",Rs. 500–999,"Lack of recycling facilities, High cost of waste disposal, Limited space for waste storage",Yes,Neutral
20 - 29 years,Western,Gampaha (ගම්පහ),Wattala - Mabola Urban Council,Urban (නාගරික),Household,3 - 4 persons,10–19 perches (250–499 m²),Waste Bins,,Medium Bin,,,,,,,,,,,,,,1/2,1/2,1/2,1/2,0.0,0.0,0.0,0.0,0.0,0.0,1/2,0.0,,Yes,Yes,Sell to collectors,No,,100–499 m,Twice a week,Municipal collection service (මහ නගර / ප්‍රාදේශීය සභා සේවාව මගින්),No expenditure,Irregular waste collection,Yes,Neutral
20 - 29 years,Southern,Galle (ගාල්ල),Bope Poddala Pradeshiya Sabha,Semi-urban (අර්ධ නාගරික),Household,3 - 4 persons,Less than 10 perches (<250 m²),Waste Bins,,Large Bin,,,,,,,,,,,,,,2.0,1/2,1/2,1/2,0.0,0.0,0.0,0.0,0.0,1/2,1/2,0.0,0.0,Yes,Yes,Use food waste as bio gas,No,,500–999 m,Weekly,Composting (කොම්පෝස්ට් කිරීම),No expenditure,Limited space for waste storage,Yes,Neutral
20 - 29 years,Southern,Galle (ගාල්ල),Imaduwa Pradeshiya Sabha,Semi-urban (අර්ධ නාගරික),Household,3 - 4 persons,10–19 perches (250–499 m²),Waste Bins,,Medium Bin,,,,,,,,,,,,,,2.0,2.0,1.0,0.0,0.0,0.0,0.0,0.0,0.0,2.0,0.0,1.0,2.0,Yes,No,,Yes,Less than Rs. 500,More than 2 km,Never,Burying (වළ දැමීම),No expenditure,Irregular waste collection,No,Satisfied
20 - 29 years,Western,Colombo (කොළඹ),Colombo Municipal Council,Rural (ග්‍රාමීය),Household,5 - 6 persons,Less than 10 perches (<250 m²),Waste Bags,Large Bag,,1/2,,,,,,,,,,,,,,,,,,,,,,,,,,Yes,Yes,Sell to collectors,Yes,Less than Rs. 500,More than 2 km,Monthly,Burning in an open area (විවෘතව ගිනි තැබීම),No expenditure,"Irregular waste collection,",Yes,Neutral
20 - 29 years,Southern,Galle (ගාල්ල),Akmeemana Pradeshiya Sabha,Semi-urban (අර්ධ නාගරික),Household,3 - 4 persons,10–19 perches (250–499 m²),Waste Bins,,Medium Bin,,,,,,,,,,,,,,1/2,1.0,1.0,1/2,0.0,0.0,0.0,1/2,0.0,1/2,0.0,0.0,,Yes,Yes,Sell to collectors,Yes,Rs. 500–999,1–2 km,Twice a week,"Composting (කොම්පෝස්ට් කිරීම), Burying (වළ දැමීම), Burning in an open area (විවෘතව ගිනි තැබීම)",No expenditure,"Lack of recycling facilities, Bad smell/pests",No,Neutral
20 - 29 years,Western,Colombo (කොළඹ),Seethawaka Pradeshiya Sabha,Semi-urban (අර්ධ නාගරික),Household,3 - 4 persons,10–19 perches (250–499 m²),Both Bags and Bins,Large Bag,Small Bin,1.0,2.0,1/2,1/2,1/2,0.0,0.0,1/2,0.0,1.0,1/2,0.0,0.0,1/2,1.0,1/2,1/2,0.0,0.0,0.0,0.0,0.0,1/2,1/2,0.0,0.0,Yes,Yes,Reuse at home,No,,1–2 km,Daily,"Composting (කොම්පෝස්ට් කිරීම), Burying (වළ දැමීම)",Less than Rs. 500,"Irregular waste collection, Limited space for waste storage, Bad smell/pests",No,Neutral
20 - 29 years,Southern,Galle (ගාල්ල),Galle Municipal Council,Rural (ග්‍රාමීය),Household,3 - 4 persons,10–19 perches (250–499 m²),Both Bags and Bins,Large Bag,Extra Large Bin,,,,,,,,,,,,,,,,,,,,,,,,,,,Yes,No,,,,More than 2 km,Twice a week,Municipal collection service (මහ නගර / ප්‍රාදේශීය සභා සේවාව මගින්),No expenditure,Irregular waste collection,No,Very Satisfied
50 - 59 years,Western,Kalutara (කළුතර),Panadura Urban Council,Urban (නාගරික),Household,5 - 6 persons,10–19 perches (250–499 m²),Both Bags and Bins,Small Bag,Medium Bin,1.0,2.0,1.0,1.0,1/2,1/2,0.0,0.0,0.0,1/2,1/2,0.0,,2.0,2.0,1/2,1/2,0.0,0.0,0.0,0.0,0.0,1/2,0.0,0.0,,Yes,No,,No,,1–2 km,Twice a week,"Municipal collection service (මහ නගර / ප්‍රාදේශීය සභා සේවාව මගින්), Composting (කොම්පෝස්ට් කිරීම), Burning in an open area (විවෘතව ගිනි තැබීම)","Rs. 1,000–2,999",Lack of awareness,Yes,Satisfied
20 - 29 years,Western,Colombo (කොළඹ),Homagama Pradeshiya Sabha,Semi-urban (අර්ධ නාගරික),Household,3 - 4 persons,Less than 10 perches (<250 m²),Both Bags and Bins,Medium Bag,Medium Bin,1/2,1.0,0.0,1/2,0.0,0.0,0.0,1/2,0.0,1/2,1/2,0.0,2.0,1/2,,,,,,,,,,,,1.0,Yes,Yes,Sell to collectors,No,,More than 2 km,Twice a week,Municipal collection service (මහ නගර / ප්‍රාදේශීය සභා සේවාව මගින්),Less than Rs. 500,Lack of awareness,No,Neutral
20 - 29 years,Southern,Galle (ගාල්ල),Bope Poddala Pradeshiya Sabha,Rural (ග්‍රාමීය),Household,3 - 4 persons,20–39 perches (500–999 m²),Waste Bins,,Small Bin,,,,,,,,,,,,,,2.0,1/2,1.0,1/2,1/2,0.0,0.0,1/2,1/2,1/2,1/2,0.0,,No,Yes,Sell to collectors,Yes,Rs. 500–999,1–2 km,No,"Private collection service (පෞද්ගලික එකතු කිරීමේ සේවාව මගින්), Composting (කොම්පෝස්ට් කිරීම), Burying (වළ දැමීම), Dumping in open areas (විවෘත ස්ථානවල දැමීම)",Less than Rs. 500,Lack of recycling facilities,Yes,Neutral
20 - 29 years,Western,Colombo (කොළඹ),Seethawaka Pradeshiya Sabha,Semi-urban (අර්ධ නාගරික),Household,3 - 4 persons,20–39 perches (500–999 m²),Waste Bags,Extra Large Bag,,8.0,3.0,1.0,2.0,0.0,1/2,0.0,0.0,0.0,1/2,1/2,0.0,1/2,,,,,,,,,,,,,,Yes,No,,Yes,"Rs. 1,000–2,999",More than 2 km,Twice a week,"Composting (කොම්පෝස්ට් කිරීම), Burning in an open area (විවෘතව ගිනි තැබීම)",Less than Rs. 500,Lack of recycling facilities,Yes,Neutral
20 - 29 years,Southern,Galle (ගාල්ල),Akmeemana Pradeshiya Sabha,Semi-urban (අර්ධ නාගරික),Household,3 - 4 persons,40–79 perches (1000–1999 m²),Both Bags and Bins,Large Bag,Large Bin,1.0,2.0,2.0,2.0,2.0,2.0,2.0,2.0,2.0,2.0,2.0,2.0,2.0,2.0,2.0,2.0,2.0,2.0,2.0,2.0,2.0,2.0,2.0,2.0,2.0,2.0,Yes,Yes,Reuse at home,Yes,Less than Rs. 500,No collection point available,Twice a week,"Composting (කොම්පෝස්ට් කිරීම), Burying (වළ දැමීම), Burning in an open area (විවෘතව ගිනි තැබීම)",No expenditure,"Irregular waste collection, Lack of recycling facilities, Lack of awareness, Limited space for waste storage",Yes,Neutral
Below 20 years,Western,Colombo (කොළඹ),Homagama Pradeshiya Sabha,Semi-urban (අර්ධ නාගරික),Household,5 - 6 persons,20–39 perches (500–999 m²),Waste Bins,,Medium Bin,,,,,,,,,,,,,,3.0,5.0,1.0,1.0,1.0,1/2,1/2,1/2,1/2,1.0,1.0,1/2,,Yes,Yes,Sell to collectors,Yes,Less than Rs. 500,No collection point available,Monthly,Composting (කොම්පෝස්ට් කිරීම),No expenditure,"Limited space for waste storage, Bad smell/pests",Yes,Neutral
50 - 59 years,Southern,Galle (ගාල්ල),Galle Municipal Council,Rural (ග්‍රාමීය),Household,5 - 6 persons,20–39 perches (500–999 m²),Waste Bags,Extra Large Bag,,1/2,1.0,1.0,0.0,1.0,1/2,1.0,0.0,1.0,0.0,1/2,0.0,1/2,,,,,,,,,,,,,,Yes,Yes,Hand over to recycling centers,Yes,Less than Rs. 500,More than 2 km,Twice a week,Private collection service (පෞද්ගලික එකතු කිරීමේ සේවාව මගින්),"Rs. 1,000–2,999",Lack of recycling facilities,Yes,Satisfied
20 - 29 years,Western,Kalutara (කළුතර),Horana Urban Council,Semi-urban (අර්ධ නාගරික),Household,More than 8 persons,10–19 perches (250–499 m²),Waste Bins,,Large Bin,,,,,,,,,,,,,,1.0,1.0,1/2,1/2,0.0,1/2,0.0,1/2,0.0,1.0,0.0,1/2,,Yes,No,,Yes,Less than Rs. 500,No collection point available,Do not collect,Composting (කොම්පෝස්ට් කිරීම),No expenditure,Irregular waste collection,Yes,Neutral
20 - 29 years,North Western,Kurunegala (කුරුණෑගල),Ibbagamuwa Pradeshiya Sabha,Semi-urban (අර්ධ නාගරික),Household,3 - 4 persons,80 perches and above (>2000 m²),Both Bags and Bins,Extra Large Bag,Large Bin,1.0,2.0,1/2,1/2,1/2,1/2,1/2,1/2,1/2,1.0,1/2,1/2,1/2,1.0,,1/2,1/2,1/2,1/2,1/2,1/2,1/2,1.0,1/2,1/2,,Yes,No,,Yes,"Rs. 1,000–2,999",No collection point available,Monthly,Burying (වළ දැමීම),No expenditure,Lack of recycling facilities,Yes,Neutral
50 - 59 years,Southern,Matara (මාතර),Matara Municipal Council,Urban (නාගරික),Household,5 - 6 persons,10–19 perches (250–499 m²),Waste Bins,,Medium Bin,,,,,,,,,,,,,,1.0,,,,,,,,,,,,,Yes,Yes,Hand over to recycling centers,Yes,Less than Rs. 500,More than 2 km,Daily,"Municipal collection service (මහ නගර / ප්‍රාදේශීය සභා සේවාව මගින්), Composting (කොම්පෝස්ට් කිරීම)",No expenditure,"Irregular waste collection, Lack of recycling facilities",Yes,Neutral
20 - 29 years,Western,Colombo (කොළඹ),Seethawaka Pradeshiya Sabha,Rural (ග්‍රාමීය),Household,5 - 6 persons,10–19 perches (250–499 m²),Both Bags and Bins,Medium Bag,Medium Bin,1/2,1/2,0.0,0.0,0.0,0.0,0.0,0.0,0.0,1/2,0.0,0.0,1/2,1/2,0.0,0.0,0.0,0.0,0.0,0.0,0.0,0.0,1/2,0.0,0.0,1/2,No,No,,No,,No collection point available,Never collect,Burying (වළ දැමීම),No expenditure,Irregular waste collection,Yes,Neutral
20 - 29 years,Western,Colombo (කොළඹ),Kesbewa Urban Council,Rural (ග්‍රාමීය),Household,3 - 4 persons,10–19 perches (250–499 m²),Both Bags and Bins,Medium Bag,Large Bin,5.0,5.0,3.0,5.0,1.0,1.0,1/2,2.0,1/2,4.0,4.0,1/2,1/2,,,,,,,,,,,,,,Yes,Yes,Hand over to recycling centers,No,,1–2 km,Weekly,Burning in an open area (විවෘතව ගිනි තැබීම),"Rs. 1,000–2,999",Bad smell/pests,Yes,Neutral
50 - 59 years,Southern,Galle (ගාල්ල),Galle Municipal Council,Urban (නාගරික),Household,1 - 2 persons,20–39 perches (500–999 m²),Both Bags and Bins,Medium Bag,Medium Bin,1.0,,,,,,,,,,,,,1.0,,,,,,,,,,,,,Yes,Yes,Sell to collectors,No,,Less than 100 m,Twice a week,Dumping in open areas (විවෘත ස්ථානවල දැමීම),No expenditure,Irregular waste collection,No,Neutral
20 - 29 years,Western,Gampaha (ගම්පහ),Gampaha Pradeshiya Sabha,Semi-urban (අර්ධ නාගරික),Household,3 - 4 persons,20–39 perches (500–999 m²),Both Bags and Bins,Small Bag,Small Bin,2.0,More than 10,1/2,1/2,0.0,0.0,0.0,2.0,0.0,1/2,1/2,0.0,0.0,2.0,More than 10,1/2,1/2,0.0,0.0,0.0,2.0,0.0,1/2,1/2,0.0,0.0,No,Yes,Reuse at home,No,,More than 2 km,Twice a week,"Composting (කොම්පෝස්ට් කිරීම), Burning in an open area (විවෘතව ගිනි තැබීම)",No expenditure,"Lack of recycling facilities, High cost of waste disposal, Bad smell/pests",No,Neutral
20 - 29 years,Western,Gampaha (ගම්පහ),Minuwangoda Pradeshiya Sabha,Rural (ග්‍රාමීය),Household,3 - 4 persons,20–39 perches (500–999 m²),Waste Bins,,Small Bin,,,,,,,,,,,,,,,,,,,,,,,,,,,Yes,No,,,,More than 2 km,Daily,Burying (වළ දැමීම),No expenditure,Bad smell/pests,Yes,Neutral
20 - 29 years,Western,Kalutara (කළුතර),Bandaragama Pradeshiya Sabha,Semi-urban (අර්ධ නාගරික),Household,3 - 4 persons,10–19 perches (250–499 m²),Waste Bins,,Large Bin,,,,,,,,,,,,,,2.0,1.0,"1/2, 1",1/2,1/2,1/2,1/2,2.0,1/2,"1/2, 1","1/2, 1",1/2,1/2,No,No,,No,,No collection point available,Twice a week,Burning in an open area (විවෘතව ගිනි තැබීම),No expenditure,Limited space for waste storage,Yes,Dissatisfied
20 - 29 years,Southern,Galle (ගාල්ල),Bope Poddala Pradeshiya Sabha,Urban (නාගරික),Household,3 - 4 persons,Less than 10 perches (<250 m²),Waste Bins,,Small Bin,,,,,,,,,,,,,,2.0,1.0,1/2,1.0,0.0,1/2,0.0,0.0,0.0,1/2,1.0,0.0,,Yes,No,,,,More than 2 km,Weekly,Municipal collection service (මහ නගර / ප්‍රාදේශීය සභා සේවාව මගින්),No expenditure,Lack of recycling facilities,Yes,Neutral
20 - 29 years,Southern,Galle (ගාල්ල),Galle Municipal Council,Semi-urban (අර්ධ නාගරික),Household,1 - 2 persons,40–79 perches (1000–1999 m²),Both Bags and Bins,Medium Bag,Medium Bin,1.0,1.0,1.0,1/2,1/2,1/2,0.0,1/2,1/2,1/2,1/2,1/2,0.0,1/2,1/2,0.0,0.0,0.0,1/2,1/2,0.0,1/2,1/2,1/2,1/2,1/2,No,No,,No,,100–499 m,Twice a week,Municipal collection service (මහ නගර / ප්‍රාදේශීය සභා සේවාව මගින්),No expenditure,Irregular waste collection,Yes,Neutral
20 - 29 years,North Western,Kurunegala (කුරුණෑගල),Kurunegala Pradeshiya Sabha,Semi-urban (අර්ධ නාගරික),Household,3 - 4 persons,10–19 perches (250–499 m²),Waste Bins,,Medium Bin,,,,,,,,,,,,,,,,,,,,,,,,,,,Yes,Yes,Hand over to recycling centers,No,,More than 2 km,Once every two weeks,Composting (කොම්පෝස්ට් කිරීම),No expenditure,"Irregular waste collection, Lack of recycling facilities, Limited space for waste storage, Bad smell/pests",No,Very Dissatisfied
50 - 59 years,Western,Kalutara (කළුතර),Panadura Pradeshiya Sabha,Urban (නාගරික),Household,7 - 8 persons,10–19 perches (250–499 m²),Waste Bins,,Large Bin,,,,,,,,,,,,,,1/2,1/2,1/2,1/2,0.0,0.0,0.0,0.0,0.0,1/2,1/2,0.0,,Yes,No,,No,,Less than 100 m,Weekly,Municipal collection service (මහ නගර / ප්‍රාදේශීය සභා සේවාව මගින්),No expenditure,"Irregular waste collection, Bad smell/pests",Yes,Neutral
50 - 59 years,Western,Colombo (කොළඹ),Maharagama Urban Council,Semi-urban (අර්ධ නාගරික),Household,5 - 6 persons,20–39 perches (500–999 m²),Both Bags and Bins,Medium Bag,Medium Bin,1/2,0.0,1/2,,,,,,,,,,,1/2,,,,,,,,,,,,,Yes,Yes,Reuse at home,No,,No collection point available,Weekly,Burying (වළ දැමීම),No expenditure,Bad smell/pests,Yes,Neutral
50 - 59 years,Southern,Galle (ගාල්ල),Bope Poddala Pradeshiya Sabha,Semi-urban (අර්ධ නාගරික),Household,3 - 4 persons,10–19 perches (250–499 m²),Waste Bins,,Medium Bin,,,,,,,,,,,,,,1/2,0.0,1/2,1/2,0.0,1/2,0.0,0.0,0.0,1/2,0.0,0.0,0.0,Yes,No,,No,,1–2 km,Weekly,Municipal collection service (මහ නගර / ප්‍රාදේශීය සභා සේවාව මගින්),No expenditure,Irregular waste collection,No,Neutral
40 - 49 years,Western,Colombo (කොළඹ),Maharagama Urban Council,Urban (නාගරික),Household,7 - 8 persons,10–19 perches (250–499 m²),Waste Bins,,Medium Bin,,,,,,,,,,,,,,2.0,,1.0,,,,,,,,,,2.0,Yes,Yes,Sell to collectors,Yes,Less than Rs. 500,Less than 100 m,Weekly,Municipal collection service (මහ නගර / ප්‍රාදේශීය සභා සේවාව මගින්),Less than Rs. 500,Irregular waste collection,Yes,Very Dissatisfied
50 - 59 years,Western,Colombo (කොළඹ),Maharagama Urban Council,Urban (නාගරික),Household,3 - 4 persons,Less than 10 perches (<250 m²),Both Bags and Bins,Large Bag,Large Bin,1.0,1/2,1.0,1.0,0.0,0.0,0.0,0.0,0.0,1.0,0.0,0.0,,1.0,1/2,,1/2,0.0,,,0.0,0.0,1.0,0.0,0.0,,Yes,No,,No,,More than 2 km,Weekly,Municipal collection service (මහ නගර / ප්‍රාදේශීය සභා සේවාව මගින්),No expenditure,Bad smell/pests,Yes,Neutral
20 - 29 years,Western,Colombo (කොළඹ),Homagama Pradeshiya Sabha,Semi-urban (අර්ධ නාගරික),Household,5 - 6 persons,Less than 10 perches (<250 m²),Both Bags and Bins,Medium Bag,Large Bin,2.0,,1/2,1/2,,,,,,,,,,,,,,,,,,,,,,,Yes,No,,,,More than 2 km,Twice a week,Municipal collection service (මහ නගර / ප්‍රාදේශීය සභා සේවාව මගින්),Rs. 500–999,"Lack of recycling facilities, Limited space for waste storage",Yes,Neutral
20 - 29 years,Southern,Galle (ගාල්ල),Galle Municipal Council,Semi-urban (අර්ධ නාගරික),Household,3 - 4 persons,20–39 perches (500–999 m²),Waste Bins,,Medium Bin,,,,,,,,,,,,,,1.0,0.0,1/2,2.0,0.0,1/2,0.0,0.0,0.0,1/2,2.0,0.0,0.0,Yes,Yes,Reuse at home,No,,100–499 m,Twice a week,"Municipal collection service (මහ නගර / ප්‍රාදේශීය සභා සේවාව මගින්), Composting (කොම්පෝස්ට් කිරීම)",No expenditure,"Irregular waste collection, Limited space for waste storage, Bad smell/pests",No,Neutral
50 - 59 years,Western,Kalutara (කළුතර),Kalutara Municipal Council,Urban (නාගරික),Household,3 - 4 persons,20–39 perches (500–999 m²),Both Bags and Bins,Medium Bag,Medium Bin,2.0,2.0,1.0,1.0,0.0,1/2,0.0,0.0,0.0,1/2,1/2,0.0,0.0,2.0,2.0,1.0,1.0,0.0,1/2,0.0,0.0,0.0,1.0,1.0,0.0,0.0,Yes,No,,Yes,Less than Rs. 500,1–2 km,Daily,Municipal collection service (මහ නගර / ප්‍රාදේශීය සභා සේවාව මගින්),No expenditure,Lack of recycling facilities,No,Neutral
20 - 29 years,Southern,Galle (ගාල්ල),Baddegama Pradeshiya Sabha,Rural (ග්‍රාමීය),Household,5 - 6 persons,20–39 perches (500–999 m²),Garbage pit,,,1.0,3.0,1/2,1.0,0.0,0.0,0.0,0.0,0.0,1/2,1/2,0.0,0.0,,,,,,,,,,,,,,Yes,Yes,Hand over to recycling centers,Yes,Less than Rs. 500,No collection point available,Once every two weeks,Composting (කොම්පෝස්ට් කිරීම),No expenditure,Lack of awareness,Yes,Dissatisfied
20 - 29 years,Western,Colombo (කොළඹ),Homagama Pradeshiya Sabha,Semi-urban (අර්ධ නාගරික),Household,5 - 6 persons,Less than 10 perches (<250 m²),Waste Bins,,Large Bin,,,,,,,,,,,,,,1.0,1/2,1/2,1/2,0.0,0.0,0.0,1/2,1/2,1.0,1.0,0.0,1/2,Yes,No,,Yes,Less than Rs. 500,100–499 m,Weekly,Municipal collection service (මහ නගර / ප්‍රාදේශීය සභා සේවාව මගින්),No expenditure,Bad smell/pests,Yes,Satisfied
20 - 29 years,Southern,Galle (ගාල්ල),Akmeemana Pradeshiya Sabha,Semi-urban (අර්ධ නාගරික),Household,5 - 6 persons,10–19 perches (250–499 m²),Waste Bags,Medium Bag,,1/2,,1/2,1/2,,,,,,1.0,1/2,,,,,,,,,,,,,,,,Yes,No,,No,,No collection point available,Twice a week,"Burying (වළ දැමීම), Burning in an open area (විවෘතව ගිනි තැබීම)",No expenditure,"Irregular waste collection, Lack of recycling facilities, High cost of waste disposal, Limited space for waste storage",Yes,Very Dissatisfied
20 - 29 years,Southern,Galle (ගාල්ල),Imaduwa Pradeshiya Sabha,Semi-urban (අර්ධ නාගරික),Household,5 - 6 persons,10–19 perches (250–499 m²),Waste Bins,,Extra Jumbo Bin,,,,,,,,,,,,,,5.0,,2.0,2.0,0.0,0.0,0.0,0.0,1/2,1.0,0.0,0.0,,Yes,Yes,Reuse at home,No,,1–2 km,Weekly,"Municipal collection service (මහ නගර / ප්‍රාදේශීය සභා සේවාව මගින්), Composting (කොම්පෝස්ට් කිරීම)",No expenditure,Limited space for waste storage,Yes,Satisfied
20 - 29 years,Western,Kalutara (කළුතර),Dodangoda Pradeshiya Sabha,Rural (ග්‍රාමීය),Household,5 - 6 persons,40–79 perches (1000–1999 m²),Both Bags and Bins,Medium Bag,Medium Bin,1/2,1.0,0.0,1/2,0.0,0.0,0.0,0.0,0.0,1/2,1/2,0.0,,1/2,1.0,0.0,1/2,0.0,0.0,0.0,0.0,0.0,1/2,0.0,0.0,,Yes,Yes,Sell to collectors,No,,1–2 km,Weekly,Municipal collection service (මහ නගර / ප්‍රාදේශීය සභා සේවාව මගින්),No expenditure,.,Yes,Neutral
20 - 29 years,Western,Kalutara (කළුතර),Agalawaththa Pradeshiya Sabha,Semi-urban (අර්ධ නාගරික),Household,3 - 4 persons,10–19 perches (250–499 m²),Both Bags and Bins,Large Bag,Medium Bin,1/2,1.0,0.0,1/2,0.0,0.0,0.0,0.0,0.0,1/2,1/2,0.0,,1/2,1.0,0.0,1/2,0.0,0.0,0.0,0.0,0.0,1/2,1/2,0.0,,Yes,Yes,Sell to collectors,No,,1–2 km,Weekly,Municipal collection service (මහ නගර / ප්‍රාදේශීය සභා සේවාව මගින්),No expenditure,.,Yes,Neutral
20 - 29 years,Western,Colombo (කොළඹ),Kaduwela Municipal Council,Urban (නාගරික),Household,3 - 4 persons,10–19 perches (250–499 m²),Waste Bags,Medium Bag,,1.0,1.0,1.0,"1/2, 1",1/2,0.0,0.0,0.0,0.0,1/2,0.0,0.0,1/2,,,,,,,,,,,,,,Yes,Yes,Sell to collectors,No,,More than 2 km,Weekly,Municipal collection service (මහ නගර / ප්‍රාදේශීය සභා සේවාව මගින්),Less than Rs. 500,Lack of recycling facilities,Yes,Neutral
20 - 29 years,Western,Gampaha (ගම්පහ),Gampaha Municipal Council,Semi-urban (අර්ධ නාගරික),Household,3 - 4 persons,20–39 perches (500–999 m²),Waste Bins,,Large Bin,,,,,,,,,,,,,,1/2,1.0,0.0,0.0,0.0,0.0,0.0,0.0,0.0,0.0,0.0,0.0,0.0,Yes,Yes,Reuse at home,Yes,Less than Rs. 500,1–2 km,Weekly,"Municipal collection service (මහ නගර / ප්‍රාදේශීය සභා සේවාව මගින්), Composting (කොම්පෝස්ට් කිරීම)",Rs. 500–999,High cost of waste disposal,Yes,Neutral
20 - 29 years,Western,Colombo (කොළඹ),Homagama Pradeshiya Sabha,Rural (ග්‍රාමීය),Household,5 - 6 persons,40–79 perches (1000–1999 m²),Waste Bins,,Large Bin,,,,,,,,,,,,,,1/2,1.0,1/2,1/2,0.0,1/2,0.0,0.0,0.0,1/2,1/2,0.0,0.0,Yes,Yes,Reuse at home,Yes,Less than Rs. 500,1–2 km,Twice a week,Composting (කොම්පෝස්ට් කිරීම),No expenditure,Lack of recycling facilities,Yes,Neutral
20 - 29 years,Southern,Galle (ගාල්ල),Akmeemana Pradeshiya Sabha,Rural (ග්‍රාමීය),Household,3 - 4 persons,10–19 perches (250–499 m²),Waste Bins,,Small Bin,,,,,,,,,,,,,,,,,,,,,,,,,,,Yes,Yes,Sell to collectors,No,,No collection point available,No,Burning in an open area (විවෘතව ගිනි තැබීම),No expenditure,Lack of recycling facilities,No,Very Dissatisfied
20 - 29 years,North Western,Kurunegala (කුරුණෑගල),Bingiriya Pradeshiya Sabha,Semi-urban (අර්ධ නාගරික),Household,3 - 4 persons,80 perches and above (>2000 m²),Waste Bags,Large Bag,,1.0,1/2,1.0,1/2,1.0,1.0,1/2,2.0,1.0,2.0,1.0,0.0,1.0,,,,,,,,,,,,,,Yes,Yes,Sell to collectors,Yes,"Rs. 5,000 and above",More than 2 km,Once every two weeks,Burning in an open area (විවෘතව ගිනි තැබීම),"Rs. 3,000–4,999",High cost of waste disposal,Yes,Neutral
20 - 29 years,North Western,Kurunegala (කුරුණෑගල),Kurunegala Municipal Council,Urban (නාගරික),Household,3 - 4 persons,Less than 10 perches (<250 m²),Waste Bags,Medium Bag,,1.0,1/2,1.0,1/2,1/2,1/2,0.0,1/2,0.0,1/2,1.0,0.0,0.0,,,,,,,,,,,,,,Yes,Yes,Sell to collectors,Yes,Less than Rs. 500,Less than 100 m,Daily,Municipal collection service (මහ නගර / ප්‍රාදේශීය සභා සේවාව මගින්),No expenditure,Irregular waste collection,Yes,Satisfied
20 - 29 years,North Western,Kurunegala (කුරුණෑගල),Bingiriya Pradeshiya Sabha,Rural (ග්‍රාමීය),Household,3 - 4 persons,40–79 perches (1000–1999 m²),Waste Bins,,Small Bin,,,,,,,,,,,,,,0.0,1.0,1/2,,,,,,,,,,,Yes,No,,,,More than 2 km,Once every two weeks,"Municipal collection service (මහ නගර / ප්‍රාදේශීය සභා සේවාව මගින්), Dumping in open areas (විවෘත ස්ථානවල දැමීම)",No expenditure,Irregular waste collection,No,Neutral
20 - 29 years,Western,Kalutara (කළුතර),Panadura Pradeshiya Sabha,Semi-urban (අර්ධ නාගරික),Household,3 - 4 persons,80 perches and above (>2000 m²),Waste Bins,,Medium Bin,,,,,,,,,,,,,,5.0,4.0,5.0,1/2,1/2,1/2,1/2,1/2,1/2,3.0,1/2,1/2,,Yes,Yes,Sell to collectors,Yes,"Rs. 1,000–2,999",More than 2 km,Once every two weeks,"Composting (කොම්පෝස්ට් කිරීම), Burning in an open area (විවෘතව ගිනි තැබීම)",No expenditure,"Irregular waste collection, Lack of recycling facilities",Yes,Very Dissatisfied
20 - 29 years,Southern,Galle (ගාල්ල),Galle Municipal Council,Urban (නාගරික),Household,5 - 6 persons,80 perches and above (>2000 m²),Waste Bins,,Extra Jumbo Bin,,,,,,,,,,,,,,1.0,1/2,1/2,1/2,1/2,1/2,1/2,1/2,1/2,1/2,1/2,1/2,1/2,Yes,Yes,Reuse at home,No,,Less than 100 m,Twice a week,"Municipal collection service (මහ නගර / ප්‍රාදේශීය සභා සේවාව මගින්), Burying (වළ දැමීම)",No expenditure,Bad smell/pests,Yes,Neutral
20 - 29 years,Western,Kalutara (කළුතර),Dodangoda Pradeshiya Sabha,Semi-urban (අර්ධ නාගරික),Household,3 - 4 persons,20–39 perches (500–999 m²),Waste Bags,Small Bag,,1.0,1.0,2.0,1.0,0.0,2.0,0.0,1/2,0.0,,0.0,1/2,2.0,,,,,,,,,,,,,,No,No,,No,,1–2 km,Monthly,Burning in an open area (විවෘතව ගිනි තැබීම),No expenditure,Lack of recycling facilities,No,Very Dissatisfied
20 - 29 years,Western,Kalutara (කළුතර),Bandaragama Pradeshiya Sabha,Urban (නාගරික),Household,3 - 4 persons,40–79 perches (1000–1999 m²),Both Bags and Bins,Large Bag,Medium Bin,"1/2, 1",1.0,1.0,1.0,1.0,1.0,1.0,1.0,1.0,1.0,1.0,1.0,1.0,1.0,1.0,1.0,1.0,1.0,1.0,1.0,1.0,1.0,1.0,1.0,1.0,1.0,Yes,Yes,Sell to collectors,Yes,"Rs. 5,000 and above",More than 2 km,Weekly,Municipal collection service (මහ නගර / ප්‍රාදේශීය සභා සේවාව මගින්),"Rs. 3,000–4,999","Irregular waste collection, Lack of recycling facilities, Lack of awareness, High cost of waste disposal, Limited space for waste storage, Bad smell/pests",Yes,Very Satisfied
20 - 29 years,North Western,Kurunegala (කුරුණෑගල),Other / Not sure,Rural (ග්‍රාමීය),Household,3 - 4 persons,40–79 perches (1000–1999 m²),Waste Bins,,Small Bin,,,,,,,,,,,,,,7.0,3.0,1/2,0.0,0.0,0.0,0.0,0.0,0.0,1.0,0.0,0.0,1/2,Yes,Yes,Sell to collectors,Yes,Less than Rs. 500,No collection point available,Not come to collect,"Composting (කොම්පෝස්ට් කිරීම), Burning in an open area (විවෘතව ගිනි තැබීම)",No expenditure,Lack of recycling facilities,Yes,Dissatisfied
20 - 29 years,Western,Gampaha (ගම්පහ),Wattala Pradeshiya Sabha,Semi-urban (අර්ධ නාගරික),Household,3 - 4 persons,10–19 perches (250–499 m²),Waste Bins,,Small Bin,,,,,,,,,,,,,,0.0,0.0,1/2,1/2,0.0,0.0,0.0,0.0,0.0,0.0,0.0,1/2,,Yes,Yes,Sell to collectors,No,,100–499 m,Weekly,"Municipal collection service (මහ නගර / ප්‍රාදේශීය සභා සේවාව මගින්), Burying (වළ දැමීම), Burning in an open area (විවෘතව ගිනි තැබීම)",Less than Rs. 500,"Lack of recycling facilities, Limited space for waste storage, Bad smell/pests",Yes,Neutral
20 - 29 years,Southern,Galle (ගාල්ල),Ambalangoda Urban Council,Semi-urban (අර්ධ නාගරික),Household,3 - 4 persons,40–79 perches (1000–1999 m²),Both Bags and Bins,Large Bag,Large Bin,1.0,1.0,1/2,1/2,0.0,1/2,0.0,0.0,0.0,1/2,1.0,1/2,,1.0,1.0,1/2,1/2,0.0,1/2,0.0,0.0,0.0,1/2,1.0,1/2,,Yes,Yes,Hand over to recycling centers,No,,Less than 100 m,Weekly,"Municipal collection service (මහ නගර / ප්‍රාදේශීය සභා සේවාව මගින්), Composting (කොම්පෝස්ට් කිරීම), Burning in an open area (විවෘතව ගිනි තැබීම)",No expenditure,Lack of recycling facilities,Yes,Neutral
20 - 29 years,Western,Colombo (කොළඹ),Kesbewa Urban Council,Urban (නාගරික),Household,3 - 4 persons,Less than 10 perches (<250 m²),Waste Bins,,Large Bin,,,,,,,,,,,,,,1/2,1/2,1/2,0.0,0.0,0.0,0.0,0.0,0.0,0.0,0.0,0.0,,Yes,No,,No,,More than 2 km,Weekly,Municipal collection service (මහ නගර / ප්‍රාදේශීය සභා සේවාව මගින්),Less than Rs. 500,Bad smell/pests,Yes,Neutral
20 - 29 years,Western,Colombo (කොළඹ),Homagama Pradeshiya Sabha,Rural (ග්‍රාමීය),Household,3 - 4 persons,10–19 perches (250–499 m²),Waste Bags,Medium Bag,,1.0,0.0,1.0,1/2,0.0,0.0,0.0,0.0,0.0,1.0,1/2,0.0,,,,,,,,,,,,,,,Yes,No,,No,,More than 2 km,Weekly,"Municipal collection service (මහ නගර / ප්‍රාදේශීය සභා සේවාව මගින්), Composting (කොම්පෝස්ට් කිරීම), Burying (වළ දැමීම)",No expenditure,"Irregular waste collection, Lack of recycling facilities, Lack of awareness, Bad smell/pests",Yes,Neutral
20 - 29 years,Western,Colombo (කොළඹ),Boralesgamuwa Urban Council,Urban (නාගරික),Household,3 - 4 persons,Less than 10 perches (<250 m²),Both Bags and Bins,Medium Bag,Small Bin,0.0,1/2,1/2,1.0,1/2,1.0,1.0,1.0,1.0,2.0,2.0,1.0,1.0,1/2,1.0,1.0,1.0,1.0,1/2,1.0,1.0,1.0,1.0,1.0,1.0,1.0,Yes,Yes,Reuse at home,No,,Less than 100 m,Twice a week,By the road or street side (මාර්ග අයිනේ දැමීම),Less than Rs. 500,Irregular waste collection,Yes,Neutral
20 - 29 years,Western,Colombo (කොළඹ),Kaduwela Municipal Council,Urban (නාගරික),Household,3 - 4 persons,10–19 perches (250–499 m²),Both Bags and Bins,Small Bag,Small Bin,2.0,1/2,1/2,1/2,0.0,0.0,0.0,1/2,1/2,1/2,1.0,0.0,0.0,2.0,1/2,1/2,1/2,,0.0,0.0,0.0,1/2,1/2,1.0,0.0,0.0,No,No,,No,,More than 2 km,Twice a week,Municipal collection service (මහ නගර / ප්‍රාදේශීය සභා සේවාව මගින්),No expenditure,"Irregular waste collection, Limited space for waste storage, Bad smell/pests",Yes,Neutral
Below 20 years,Western,Colombo (කොළඹ),Moratuwa Municipal Council,Urban (නාගරික),Household,3 - 4 persons,40–79 perches (1000–1999 m²),Waste Bins,,Large Bin,,,,,,,,,,,,,,,,,,,,,,,,,,,Yes,No,,No,,1–2 km,Weekly,Municipal collection service (මහ නගර / ප්‍රාදේශීය සභා සේවාව මගින්),Less than Rs. 500,Limited space for waste storage,No,Neutral
20 - 29 years,Western,Colombo (කොළඹ),Kesbewa Urban Council,Semi-urban (අර්ධ නාගරික),Household,3 - 4 persons,10–19 perches (250–499 m²),Waste Bins,,Medium Bin,,,,,,,,,,,,,,1.0,1.0,1/2,1/2,1/2,1/2,1/2,1/2,1/2,1.0,1/2,0.0,0.0,Yes,Yes,Sell to collectors,No,,More than 2 km,Weekly,Municipal collection service (මහ නගර / ප්‍රාදේශීය සභා සේවාව මගින්),No expenditure,"Irregular waste collection, Lack of recycling facilities",Yes,Satisfied
20 - 29 years,Western,Colombo (කොළඹ),Kesbewa Urban Council,Urban (නාගරික),Household,5 - 6 persons,Less than 10 perches (<250 m²),Waste Bins,,Extra Large Bin,,,,,,,,,,,,,,,,,,,,,,,,,,,Yes,Yes,Reuse at home,No,,1–2 km,Weekly,Municipal collection service (මහ නගර / ප්‍රාදේශීය සභා සේවාව මගින්),No expenditure,Irregular waste collection,Yes,Neutral
20 - 29 years,Western,Colombo (කොළඹ),Kesbewa Urban Council,Urban (නාගරික),Household,5 - 6 persons,10–19 perches (250–499 m²),Both Bags and Bins,Large Bag,Large Bin,1.0,1.0,1/2,1/2,0.0,0.0,0.0,0.0,0.0,1/2,1.0,0.0,0.0,,,,,,,,,,,,,,Yes,Yes,Reuse at home,No,,1–2 km,Weekly,Composting (කොම්පෝස්ට් කිරීම),No expenditure,Irregular waste collection,Yes,Neutral
20 - 29 years,Western,Gampaha (ගම්පහ),Gampaha Municipal Council,Rural (ග්‍රාමීය),Household,3 - 4 persons,10–19 perches (250–499 m²),Both Bags and Bins,Small Bag,Small Bin,1.0,2.0,1/2,1/2,0.0,0.0,0.0,0.0,0.0,1/2,1/2,0.0,0.0,1.0,1/2,1/2,1/2,0.0,0.0,0.0,0.0,0.0,1/2,1/2,0.0,0.0,Yes,Yes,Sell to collectors,Yes,Less than Rs. 500,More than 2 km,Weekly,"Composting (කොම්පෝස්ට් කිරීම), Burning in an open area (විවෘතව ගිනි තැබීම)",No expenditure,"Irregular waste collection, Lack of recycling facilities",Yes,Neutral
20 - 29 years,Western,Colombo (කොළඹ),Kaduwela Municipal Council,Rural (ග්‍රාමීය),Household,5 - 6 persons,10–19 perches (250–499 m²),Waste Bins,,Medium Bin,,,,,,,,,,,,,,1/2,1/2,1/2,1/2,1/2,1/2,1/2,1/2,1/2,1/2,1/2,1/2,1/2,No,Yes,Sell to collectors,Yes,"Rs. 5,000 and above",More than 2 km,Once every two weeks,Composting (කොම්පෝස්ට් කිරීම),"Rs. 3,000–4,999","Lack of awareness, High cost of waste disposal",Yes,Very Dissatisfied
20 - 29 years,Western,Gampaha (ගම්පහ),Dompe Pradeshiya Sabha,Rural (ග්‍රාමීය),Household,3 - 4 persons,10–19 perches (250–499 m²),Waste Bins,,Small Bin,,,,,,,,,,,,,,1/2,1/2,"1/2, 1",1/2,"0, 1/2","0, 1/2",0.0,"0, 1/2",0.0,"1/2, 1",0.0,"0, 1/2",0.0,Yes,Yes,Sell to collectors,Yes,Rs. 500–999,More than 2 km,Weekly,"Composting (කොම්පෝස්ට් කිරීම), Burying (වළ දැමීම), Burning in an open area (විවෘතව ගිනි තැබීම)",No expenditure,"Irregular waste collection, Lack of recycling facilities, Bad smell/pests",Yes,Neutral
20 - 29 years,Southern,Matara (මාතර),Malimbada Pradeshiya Sabha,Urban (නාගරික),Household,5 - 6 persons,10–19 perches (250–499 m²),Waste Bags,Small Bag,,1/2,1.0,1.0,1.0,1.0,1.0,1.0,1.0,1.0,1.0,1.0,1.0,1.0,,,,,,,,,,,,,,Yes,Yes,Reuse at home,No,,100–499 m,Daily,Composting (කොම්පෝස්ට් කිරීම),No expenditure,Irregular waste collection,Yes,Satisfied
Below 20 years,Southern,Matara (මාතර),Matara Municipal Council,Urban (නාගරික),Household,More than 8 persons,20–39 perches (500–999 m²),Both Bags and Bins,Large Bag,Large Bin,More than 10,2.0,2.0,1.0,0.0,0.0,0.0,0.0,0.0,1/2,1/2,0.0,0.0,More than 10,2.0,2.0,2.0,0.0,0.0,0.0,0.0,0.0,1/2,0.0,0.0,0.0,Yes,No,,Yes,Less than Rs. 500,100–499 m,Twice a week,Municipal collection service (මහ නගර / ප්‍රාදේශීය සභා සේවාව මගින්),No expenditure,Bad smell/pests,No,Neutral
20 - 29 years,Southern,Matara (මාතර),Athuraliya Pradeshiya Sabha,Rural (ග්‍රාමීය),Household,3 - 4 persons,20–39 perches (500–999 m²),Both Bags and Bins,Large Bag,Medium Bin,1/2,1/2,1/2,1.0,1/2,1/2,"0, 1/2",1/2,"0, 1/2",1/2,1/2,1/2,,1.0,1.0,1.0,1.0,1/2,1/2,1/2,1/2,1/2,1/2,1/2,1/2,,Yes,Yes,Sell to collectors,Yes,Rs. 500–999,No collection point available,Monthly,"Composting (කොම්පෝස්ට් කිරීම), Burying (වළ දැමීම)",No expenditure,"Irregular waste collection, Bad smell/pests",Yes,Satisfied
20 - 29 years,Western,Colombo (කොළඹ),Homagama Pradeshiya Sabha,Urban (නාගරික),Household,5 - 6 persons,Less than 10 perches (<250 m²),Waste Bins,,Medium Bin,,,,,,,,,,,,,,2.0,0.0,2.0,1.0,0.0,0.0,0.0,0.0,0.0,1.0,0.0,0.0,,Yes,No,,No,,1–2 km,Weekly,Municipal collection service (මහ නගර / ප්‍රාදේශීය සභා සේවාව මගින්),No expenditure,Lack of awareness,Yes,Satisfied
20 - 29 years,Western,Colombo (කොළඹ),Maharagama Urban Council,Urban (නාගරික),Household,3 - 4 persons,Less than 10 perches (<250 m²),Both Bags and Bins,Large Bag,Large Bin,1.0,1/2,1.0,1/2,1/2,1/2,1/2,1/2,1/2,1/2,1/2,1/2,1/2,1.0,0.0,0.0,1/2,0.0,1/2,0.0,0.0,0.0,1/2,1/2,1/2,0.0,Yes,No,,No,,More than 2 km,Weekly,Municipal collection service (මහ නගර / ප්‍රාදේශීය සභා සේවාව මගින්),No expenditure,Bad smell/pests,Yes,Neutral
20 - 29 years,Western,Gampaha (ගම්පහ),Mahara Pradeshiya Sabha,Semi-urban (අර්ධ නාගරික),Household,3 - 4 persons,80 perches and above (>2000 m²),Both Bags and Bins,Medium Bag,Medium Bin,4.0,10.0,3.0,3.0,1.0,1.0,1/2,1/2,1.0,1.0,1.0,1/2,1/2,2.0,3.0,1/2,1/2,1/2,1/2,1/2,1/2,1.0,2.0,1/2,1/2,1/2,Yes,Yes,Sell to collectors,Yes,Rs. 500–999,No collection point available,Weekly,Composting (කොම්පෝස්ට් කිරීම),No expenditure,Bad smell/pests,Yes,Neutral
20 - 29 years,Western,Colombo (කොළඹ),Dehiwala - Mt. Lavinia Municipal Council,Urban (නාගරික),Household,3 - 4 persons,Less than 10 perches (<250 m²),Waste Bags,Small Bag,,5.0,2.0,3.0,3.0,"2, 5","3, 5","2, 5",3.0,,4.0,4.0,4.0,3.0,,,,,,,,,,,,,,Yes,No,,No,,1–2 km,Twice a week,Municipal collection service (මහ නගර / ප්‍රාදේශීය සභා සේවාව මගින්),Less than Rs. 500,Irregular waste collection,No,Satisfied
20 - 29 years,Western,Colombo (කොළඹ),Seethawakapura Urban Council,Semi-urban (අර්ධ නාගරික),Household,3 - 4 persons,10–19 perches (250–499 m²),Waste Bins,,Medium Bin,,,,,,,,,,,,,,4.0,2.0,6.0,,,,,,,,,,,Yes,No,,No,,1–2 km,Twice a week,"Burying (වළ දැමීම), Burning in an open area (විවෘතව ගිනි තැබීම)",Less than Rs. 500,Bad smell/pests,Yes,Neutral
20 - 29 years,Western,Kalutara (කළුතර),Panadura Urban Council,Urban (නාගරික),Household,5 - 6 persons,10–19 perches (250–499 m²),Waste Bins,,Large Bin,,,,,,,,,,,,,,1.0,1/2,,,,,,,,,,,,Yes,Yes,Sell to collectors,Yes,Less than Rs. 500,More than 2 km,Twice a week,Municipal collection service (මහ නගර / ප්‍රාදේශීය සභා සේවාව මගින්),No expenditure,"Lack of recycling facilities, Bad smell/pests",Yes,Very Satisfied
20 - 29 years,Western,Colombo (කොළඹ),Maharagama Urban Council,Semi-urban (අර්ධ නාගරික),Household,5 - 6 persons,10–19 perches (250–499 m²),Both Bags and Bins,Extra Large Bag,Extra Large Bin,1.0,1/2,0.0,1.0,0.0,0.0,0.0,0.0,0.0,2.0,0.0,1/2,1.0,,,,,,,,,,,,,,Yes,Yes,Reuse at home,No,,More than 2 km,Weekly,"Municipal collection service (මහ නගර / ප්‍රාදේශීය සභා සේවාව මගින්), Burying (වළ දැමීම)",Less than Rs. 500,Bad smell/pests,Yes,Neutral
20 - 29 years,Western,Colombo (කොළඹ),Homagama Pradeshiya Sabha,Urban (නාගරික),Household,3 - 4 persons,20–39 perches (500–999 m²),Both Bags and Bins,Large Bag,Medium Bin,4.0,2.0,1/2,1/2,0.0,1/2,0.0,0.0,0.0,1/2,0.0,0.0,,,,,,,,,,,,,,,Yes,Yes,Sell to collectors,Yes,Less than Rs. 500,500–999 m,Twice a week,"Municipal collection service (මහ නගර / ප්‍රාදේශීය සභා සේවාව මගින්), Private collection service (පෞද්ගලික එකතු කිරීමේ සේවාව මගින්), Composting (කොම්පෝස්ට් කිරීම)",No expenditure,Irregular waste collection,Yes,Satisfied
20 - 29 years,Southern,Galle (ගාල්ල),Karandeniya Pradeshiya Sabha,Semi-urban (අර්ධ නාගරික),Household,3 - 4 persons,20–39 perches (500–999 m²),Both Bags and Bins,Large Bag,Medium Bin,1/2,1.0,1/2,1.0,1/2,,1/2,0.0,1/2,1/2,1/2,0.0,,1/2,"0, 1/2",1/2,1/2,1/2,0.0,1/2,1/2,1/2,0.0,0.0,1/2,,No,No,,No,,More than 2 km,Monthly,"Composting (කොම්පෝස්ට් කිරීම), Burning in an open area (විවෘතව ගිනි තැබීම)",Less than Rs. 500,"Irregular waste collection, Lack of recycling facilities",Yes,Satisfied
20 - 29 years,Western,Gampaha (ගම්පහ),Negombo Municipal Council,Semi-urban (අර්ධ නාගරික),Household,5 - 6 persons,10–19 perches (250–499 m²),Both Bags and Bins,Medium Bag,Medium Bin,1.0,1.0,1.0,,,,,,,,,,,1.0,2.0,2.0,,,,,,,,,,,Yes,No,,Yes,Less than Rs. 500,More than 2 km,Twice a week,Municipal collection service (මහ නගර / ප්‍රාදේශීය සභා සේවාව මගින්),No expenditure,"Irregular waste collection, Lack of awareness, High cost of waste disposal",Yes,Satisfied
20 - 29 years,Western,Colombo (කොළඹ),Homagama Pradeshiya Sabha,Rural (ග්‍රාමීය),Household,3 - 4 persons,10–19 perches (250–499 m²),Waste Bags,Large Bag,,1/2,0.0,0.0,0.0,0.0,0.0,0.0,0.0,0.0,0.0,0.0,0.0,1.0,,,,,,,,,,,,,,Yes,No,,No,,1–2 km,Weekly,Municipal collection service (මහ නගර / ප්‍රාදේශීය සභා සේවාව මගින්),No expenditure,Irregular waste collection,Yes,Neutral
20 - 29 years,Southern,Galle (ගාල්ල),Ambalangoda Pradeshiya Sabha,Urban (නාගරික),Household,5 - 6 persons,20–39 perches (500–999 m²),Waste Bins,,Medium Bin,,,,,,,,,,,,,,,,,,,,,,,,,,,Yes,Yes,Hand over to recycling centers,Yes,"Rs. 1,000–2,999",100–499 m,Weekly,Municipal collection service (මහ නගර / ප්‍රාදේශීය සභා සේවාව මගින්),Less than Rs. 500,Lack of awareness,Yes,Neutral
20 - 29 years,Western,Gampaha (ගම්පහ),Biyagama Pradeshiya Sabha,Semi-urban (අර්ධ නාගරික),Household,5 - 6 persons,40–79 perches (1000–1999 m²),Both Bags and Bins,Medium Bag,Large Bin,1.0,1.0,1.0,1/2,0.0,1/2,0.0,0.0,0.0,1/2,1/2,0.0,1/2,7.0,7.0,7.0,5.0,5.0,5.0,5.0,5.0,5.0,5.0,5.0,5.0,5.0,Yes,Yes,Sell to collectors,Yes,Rs. 500–999,100–499 m,Twice a week,"Municipal collection service (මහ නගර / ප්‍රාදේශීය සභා සේවාව මගින්), Burning in an open area (විවෘතව ගිනි තැබීම)",No expenditure,Bad smell/pests,Yes,Neutral
20 - 29 years,Western,Kalutara (කළුතර),Panadura Urban Council,Urban (නාගරික),Household,3 - 4 persons,10–19 perches (250–499 m²),Both Bags and Bins,Medium Bag,Large Bin,,,1.0,,,,,,,,,,,1.0,1.0,,,,,,,,,,,,Yes,Yes,Sell to collectors,No,,More than 2 km,Twice a week,Municipal collection service (මහ නගර / ප්‍රාදේශීය සභා සේවාව මගින්),No expenditure,Lack of recycling facilities,Yes,Satisfied
20 - 29 years,Western,Colombo (කොළඹ),Kesbewa Urban Council,Urban (නාගරික),Household,5 - 6 persons,10–19 perches (250–499 m²),Both Bags and Bins,Jumbo Bag,Extra Large Bin,"1/2, 1",1/2,0.0,1/2,0.0,1/2,0.0,"0, 1/2",0.0,1/2,1/2,0.0,1/2,"1/2, 1",1/2,0.0,1/2,0.0,1/2,0.0,"0, 1/2",0.0,1/2,1/2,0.0,1/2,Yes,Yes,Hand over to recycling centers,Yes,Less than Rs. 500,More than 2 km,Weekly,"Municipal collection service (මහ නගර / ප්‍රාදේශීය සභා සේවාව මගින්), Burning in an open area (විවෘතව ගිනි තැබීම)",No expenditure,"Limited space for waste storage, Bad smell/pests",Yes,Neutral
20 - 29 years,Western,Colombo (කොළඹ),Maharagama Urban Council,Urban (නාගරික),Household,3 - 4 persons,10–19 perches (250–499 m²),Both Bags and Bins,Medium Bag,Large Bin,,,1.0,,,,,,,,,,,1.0,,,,,,,,,1.0,,,,No,No,,No,,More than 2 km,Twice a week,Municipal collection service (මහ නගර / ප්‍රාදේශීය සභා සේවාව මගින්),No expenditure,Bad smell/pests,Yes,Very Satisfied
50 - 59 years,Western,Colombo (කොළඹ),Kollonnawa Urban Council,Urban (නාගරික),Household,3 - 4 persons,10–19 perches (250–499 m²),Waste Bags,Medium Bag,,2.0,0.0,1.0,1/2,1/2,1/2,0.0,1/2,0.0,1.0,1.0,1/2,0.0,,,,,,,,,,,,,,Yes,No,,No,,1–2 km,Twice a week,Municipal collection service (මහ නගර / ප්‍රාදේශීය සභා සේවාව මගින්),"Rs. 1,000–2,999","Irregular waste collection, Limited space for waste storage, Bad smell/pests",Yes,Neutral
20 - 29 years,Western,Gampaha (ගම්පහ),Dompe Pradeshiya Sabha,Semi-urban (අර්ධ නාගරික),Household,3 - 4 persons,80 perches and above (>2000 m²),Waste Bins,,Jumbo Bin,,,,,,,,,,,,,,,,,,,,,,,,,,,No,Yes,Reuse at home,Yes,"Rs. 1,000–2,999",More than 2 km,Twice a week,"Burying (වළ දැමීම), Burning in an open area (විවෘතව ගිනි තැබීම)",No expenditure,Lack of recycling facilities,Yes,Very Satisfied
20 - 29 years,Southern,Galle (ගාල්ල),Niyagama Pradeshiya Sabha,Rural (ග්‍රාමීය),Household,3 - 4 persons,Less than 10 perches (<250 m²),Waste Bags,Medium Bag,,4.0,5.0,3.0,3.0,1.0,1.0,1.0,1.0,1.0,2.0,2.0,1.0,1.0,,,,,,,,,,,,,,Yes,Yes,Sell to collectors,Yes,"Rs. 1,000–2,999",More than 2 km,Twice a week,"Composting (කොම්පෝස්ට් කිරීම), By the road or street side (මාර්ග අයිනේ දැමීම)",No expenditure,Lack of recycling facilities,Yes,Neutral
40 - 49 years,Western,Kalutara (කළුතර),Horana Pradeshiya Sabha,Semi-urban (අර්ධ නාගරික),Household,3 - 4 persons,20–39 perches (500–999 m²),Waste Bins,,Medium Bin,,,,,,,,,,,,,,1.0,0.0,1/2,1/2,0.0,0.0,0.0,1/2,0.0,1/2,0.0,0.0,1/2,Yes,Yes,Hand over to recycling centers,Yes,Less than Rs. 500,Less than 100 m,Weekly,Municipal collection service (මහ නගර / ප්‍රාදේශීය සභා සේවාව මගින්),No expenditure,Polythene,Yes,Neutral
20 - 29 years,Western,Gampaha (ගම්පහ),Mirigama Pradeshiya Sabha,Semi-urban (අර්ධ නාගරික),Household,5 - 6 persons,10–19 perches (250–499 m²),Waste Bins,,Medium Bin,,,,,,,,,,,,,,1.0,1.0,1/2,1/2,0.0,0.0,"0, 1/2",0.0,0.0,"1/2, 1",0.0,0.0,0.0,Yes,Yes,Reuse at home,No,,Less than 100 m,Weekly,"Composting (කොම්පෝස්ට් කිරීම), Burying (වළ දැමීම), Burning in an open area (විවෘතව ගිනි තැබීම)",No expenditure,"Irregular waste collection, Lack of recycling facilities, High cost of waste disposal",Yes,Satisfied
20 - 29 years,Western,Gampaha (ගම්පහ),Mirigama Pradeshiya Sabha,Semi-urban (අර්ධ නාගරික),Household,3 - 4 persons,10–19 perches (250–499 m²),Waste Bags,Large Bag,,1/2,1.0,0.0,0.0,0.0,0.0,0.0,0.0,0.0,1/2,0.0,0.0,1/2,,,,,,,,,,,,,,Yes,Yes,Sell to collectors,Yes,Less than Rs. 500,Less than 100 m,Weekly,"Municipal collection service (මහ නගර / ප්‍රාදේශීය සභා සේවාව මගින්), Composting (කොම්පෝස්ට් කිරීම)",No expenditure,"Irregular waste collection, Limited space for waste storage",No,Satisfied
20 - 29 years,Southern,Matara (මාතර),Hakmana Pradeshiya Sabha,Urban (නාගරික),Household,3 - 4 persons,80 perches and above (>2000 m²),Waste Bags,Medium Bag,,2.0,4.0,1.0,2.0,1/2,1/2,1/2,1/2,1/2,6.0,1.0,1/2,0.0,,,,,,,,,,,,,,Yes,Yes,Sell to collectors,Yes,Rs. 500–999,1–2 km,Twice a week,Municipal collection service (මහ නගර / ප්‍රාදේශීය සභා සේවාව මගින්),Rs. 500–999,Lack of recycling facilities,Yes,Satisfied
20 - 29 years,Southern,Matara (මාතර),Matara Municipal Council,Urban (නාගරික),Household,1 - 2 persons,10–19 perches (250–499 m²),Both Bags and Bins,Small Bag,Medium Bin,0.0,0.0,2.0,1.0,0.0,1/2,1/2,0.0,1/2,0.0,1.0,1/2,1/2,2.0,2.0,0.0,0.0,0.0,0.0,0.0,0.0,0.0,1.0,0.0,0.0,0.0,Yes,Yes,Sell to collectors,No,,More than 2 km,Twice a week,"Municipal collection service (මහ නගර / ප්‍රාදේශීය සභා සේවාව මගින්), Composting (කොම්පෝස්ට් කිරීම)",No expenditure,Irregular waste collection,No,Satisfied
40 - 49 years,Western,Colombo (කොළඹ),Kesbewa Urban Council,Semi-urban (අර්ධ නාගරික),Household,5 - 6 persons,10–19 perches (250–499 m²),Both Bags and Bins,Medium Bag,Medium Bin,1/2,1/2,1/2,1/2,0.0,0.0,0.0,0.0,0.0,1/2,1/2,0.0,,1.0,1/2,1/2,,0.0,0.0,0.0,0.0,0.0,1/2,0.0,0.0,,Yes,Yes,Reuse at home,Yes,Less than Rs. 500,More than 2 km,Weekly,Municipal collection service (මහ නගර / ප්‍රාදේශීය සභා සේවාව මගින්),No expenditure,Irregular waste collection,Yes,Neutral
30 - 39 years,Western,Kalutara (කළුතර),Kalutara Pradeshiya Sabha,Semi-urban (අර්ධ නාගරික),Household,5 - 6 persons,Less than 10 perches (<250 m²),Both Bags and Bins,Medium Bag,Medium Bin,1/2,1/2,1.0,1.0,1/2,1.0,1/2,1/2,1/2,1.0,1.0,1/2,1/2,1.0,1.0,1.0,1.0,1/2,1/2,1/2,1/2,1/2,1.0,1.0,1/2,1/2,Yes,Yes,Sell to collectors,Yes,Less than Rs. 500,500–999 m,Weekly,Municipal collection service (මහ නගර / ප්‍රාදේශීය සභා සේවාව මගින්),Less than Rs. 500,Limited space for waste storage,No,Neutral
20 - 29 years,Western,Colombo (කොළඹ),Kesbewa Urban Council,Urban (නාගරික),Household,3 - 4 persons,Less than 10 perches (<250 m²),Waste Bags,Large Bag,,2.0,1.0,1/2,1/2,0.0,0.0,0.0,0.0,0.0,0.0,0.0,0.0,0.0,,,,,,,,,,,,,,No,No,,No,,500–999 m,Once every two weeks,Municipal collection service (මහ නගර / ප්‍රාදේශීය සභා සේවාව මගින්),Less than Rs. 500,Lack of awareness,Yes,Dissatisfied
40 - 49 years,Western,Kalutara (කළුතර),Panadura Urban Council,Rural (ග්‍රාමීය),Household,5 - 6 persons,40–79 perches (1000–1999 m²),Waste Bags,Extra Large Bag,,1/2,1.0,0.0,1/2,0.0,0.0,0.0,0.0,0.0,1/2,1/2,0.0,,,,,,,,,,,,,,,Yes,Yes,Hand over to recycling centers,Yes,Less than Rs. 500,1–2 km,Weekly,Municipal collection service (මහ නගර / ප්‍රාදේශීය සභා සේවාව මගින්),No expenditure,Limited space for waste storage,Yes,Satisfied
40 - 49 years,Western,Kalutara (කළුතර),Panadura Pradeshiya Sabha,Rural (ග්‍රාමීය),Household,1 - 2 persons,40–79 perches (1000–1999 m²),Waste Bins,,Small Bin,,,,,,,,,,,,,,1/2,3.0,0.0,1/2,0.0,0.0,0.0,0.0,0.0,1/2,1/2,0.0,,Yes,Yes,Sell to collectors,No,,More than 2 km,Twice a week,Municipal collection service (මහ නගර / ප්‍රාදේශීය සභා සේවාව මගින්),No expenditure,Irregular waste collection,Yes,Neutral
40 - 49 years,Western,Colombo (කොළඹ),Kesbewa Urban Council,Semi-urban (අර්ධ නාගරික),Household,3 - 4 persons,Less than 10 perches (<250 m²),Waste Bins,,Medium Bin,,,,,,,,,,,,,,,,,,,,,,,,,,,Yes,Yes,Sell to collectors,Yes,Less than Rs. 500,More than 2 km,Weekly,Municipal collection service (මහ නගර / ප්‍රාදේශීය සභා සේවාව මගින්),No expenditure,Lack of recycling facilities,No,Satisfied
60 - 69 years,Western,Kalutara (කළුතර),Panadura Pradeshiya Sabha,Semi-urban (අර්ධ නාගරික),Household,5 - 6 persons,10–19 perches (250–499 m²),Both Bags and Bins,Medium Bag,Small Bin,1/2,1/2,4.0,4.0,2.0,2.0,2.0,2.0,2.0,3.0,2.0,2.0,3.0,1.0,1.0,0.0,0.0,0.0,0.0,0.0,0.0,0.0,1.0,1/2,0.0,1.0,Yes,No,,Yes,Less than Rs. 500,More than 2 km,Weekly,"Municipal collection service (මහ නගර / ප්‍රාදේශීය සභා සේවාව මගින්), Composting (කොම්පෝස්ට් කිරීම), Burning in an open area (විවෘතව ගිනි තැබීම)",Less than Rs. 500,"Irregular waste collection, Limited space for waste storage, Bad smell/pests",Yes,Neutral
20 - 29 years,Western,Kalutara (කළුතර),Bandaragama Pradeshiya Sabha,Semi-urban (අර්ධ නාගරික),Household,5 - 6 persons,10–19 perches (250–499 m²),Waste Bins,,Large Bin,,,,,,,,,,,,,,1/2,1/2,1/2,1/2,0.0,1/2,0.0,0.0,0.0,1/2,0.0,0.0,0.0,Yes,Yes,Hand over to recycling centers,No,,More than 2 km,Twice a week,"Municipal collection service (මහ නගර / ප්‍රාදේශීය සභා සේවාව මගින්), Composting (කොම්පෝස්ට් කිරීම), Burning in an open area (විවෘතව ගිනි තැබීම)",No expenditure,Bad smell/pests,Yes,Very Satisfied
40 - 49 years,Western,Kalutara (කළුතර),Horana Pradeshiya Sabha,Semi-urban (අර්ධ නාගරික),Household,1 - 2 persons,Less than 10 perches (<250 m²),Waste Bins,,Small Bin,,,,,,,,,,,,,,1.0,0.0,0.0,1/2,0.0,0.0,0.0,0.0,0.0,0.0,0.0,0.0,,Yes,No,,No,,More than 2 km,Weekly,Municipal collection service (මහ නගර / ප්‍රාදේශීය සභා සේවාව මගින්),Less than Rs. 500,Limited space for waste storage,Yes,Satisfied
30 - 39 years,Western,Kalutara (කළුතර),Horana Pradeshiya Sabha,Semi-urban (අර්ධ නාගරික),Household,5 - 6 persons,10–19 perches (250–499 m²),Waste Bins,,Extra Large Bin,,,,,,,,,,,,,,1/2,1/2,0.0,1/2,0.0,0.0,0.0,0.0,0.0,0.0,1/2,0.0,1/2,Yes,Yes,Hand over to recycling centers,Yes,Less than Rs. 500,More than 2 km,Weekly,Burning in an open area (විවෘතව ගිනි තැබීම),No expenditure,Bad smell/pests,Yes,Very Dissatisfied
20 - 29 years,Southern,Galle (ගාල්ල),Galle Municipal Council,Urban (නාගරික),Household,3 - 4 persons,10–19 perches (250–499 m²),Both Bags and Bins,Medium Bag,Medium Bin,1/2,,"0, 1/2",0.0,0.0,0.0,0.0,0.0,1/2,0.0,0.0,0.0,0.0,0.0,0.0,0.0,1/2,1/2,1/2,0.0,1/2,1/2,1/2,1/2,1/2,1/2,Yes,Yes,Sell to collectors,Yes,"Rs. 1,000–2,999",500–999 m,Weekly,Municipal collection service (මහ නගර / ප්‍රාදේශීය සභා සේවාව මගින්),No expenditure,"Lack of awareness, High cost of waste disposal",No,Satisfied
Below 20 years,North Western,Kurunegala (කුරුණෑගල),Kuliyapitiya Pradeshiya Sabha,Semi-urban (අර්ධ නාගරික),Household,5 - 6 persons,20–39 perches (500–999 m²),Waste Bins,,Medium Bin,,,,,,,,,,,,,,3.0,1.0,3.0,2.0,1/2,1/2,1/2,1/2,1/2,3.0,3.0,1/2,,No,Yes,Sell to collectors,Yes,Rs. 500–999,No collection point available,no proper collecting method,"Composting (කොම්පෝස්ට් කිරීම), Burying (වළ දැමීම)",No expenditure,"Irregular waste collection, Lack of recycling facilities",Yes,Very Dissatisfied
20 - 29 years,Southern,Galle (ගාල්ල),Galle Municipal Council,Semi-urban (අර්ධ නාගරික),Household,3 - 4 persons,80 perches and above (>2000 m²),Waste Bins,,Medium Bin,,,,,,,,,,,,,,1/2,1/2,1/2,1/2,1/2,"1/2, 1",1.0,1/2,1/2,1/2,1/2,1/2,1/2,Yes,No,,No,,More than 2 km,Weekly,Composting (කොම්පෝස්ට් කිරීම),Less than Rs. 500,Irregular waste collection,No,Neutral
40 - 49 years,Western,Kalutara (කළුතර),Horana Pradeshiya Sabha,Semi-urban (අර්ධ නාගරික),Household,3 - 4 persons,10–19 perches (250–499 m²),Both Bags and Bins,Medium Bag,Large Bin,2.0,1/2,1/2,1/2,0.0,0.0,0.0,0.0,0.0,2.0,2.0,0.0,1/2,2.0,1/2,1/2,1/2,0.0,0.0,0.0,0.0,1/2,2.0,1/2,0.0,,Yes,Yes,Sell to collectors,Yes,Less than Rs. 500,1–2 km,Not collecting,"Private collection service (පෞද්ගලික එකතු කිරීමේ සේවාව මගින්), Composting (කොම්පෝස්ට් කිරීම)",Less than Rs. 500,"Limited space for waste storage, Bad smell/pests",Yes,Very Dissatisfied
20 - 29 years,Western,Colombo (කොළඹ),Colombo Municipal Council,Urban (නාගරික),Office,More than 8 persons,80 perches and above (>2000 m²),Waste Bins,,Small Bin,,,,,,,,,,,,,,,,,,,,,,,,,,,Yes,Yes,Sell to collectors,No,,1–2 km,Daily,Municipal collection service (මහ නගර / ප්‍රාදේශීය සභා සේවාව මගින්),No expenditure,Limited space for waste storage,Yes,Satisfied
30 - 39 years,Western,Kalutara (කළුතර),Panadura Urban Council,Urban (නාගරික),Household,3 - 4 persons,Less than 10 perches (<250 m²),Waste Bags,Medium Bag,,2.0,2.0,1.0,1/2,1/2,0.0,0.0,0.0,0.0,0.0,0.0,0.0,0.0,,,,,,,,,,,,,,Yes,Yes,Reuse at home,No,,More than 2 km,Weekly,"Municipal collection service (මහ නගර / ප්‍රාදේශීය සභා සේවාව මගින්), Burying (වළ දැමීම), Burning in an open area (විවෘතව ගිනි තැබීම)",No expenditure,"Limited space for waste storage, Bad smell/pests",Yes,Satisfied
50 - 59 years,Western,Kalutara (කළුතර),Bandaragama Pradeshiya Sabha,Rural (ග්‍රාමීය),Household,5 - 6 persons,10–19 perches (250–499 m²),Waste Bins,,Medium Bin,,,,,,,,,,,,,,0.0,0.0,1/2,1/2,1/2,1/2,1/2,1/2,1/2,0.0,1/2,0.0,1/2,Yes,Yes,Hand over to recycling centers,Yes,Rs 100.00,More than 2 km,Twice a week,"Municipal collection service (මහ නගර / ප්‍රාදේශීය සභා සේවාව මගින්), Composting (කොම්පෝස්ට් කිරීම), Burning in an open area (විවෘතව ගිනි තැබීම)",Less than Rs. 500,Lack of recycling facilities,Yes,Neutral
50 - 59 years,Western,Kalutara (කළුතර),Panadura Urban Council,Urban (නාගරික),Household,3 - 4 persons,10–19 perches (250–499 m²),Waste Bins,,Medium Bin,,,,,,,,,,,,,,1/2,1/2,0.0,1/2,0.0,0.0,0.0,0.0,0.0,0.0,0.0,0.0,0.0,Yes,Yes,Sell to collectors,Yes,Less than Rs. 500,1–2 km,Twice a week,Municipal collection service (මහ නගර / ප්‍රාදේශීය සභා සේවාව මගින්),No expenditure,Lack of recycling facilities,Yes,Satisfied
30 - 39 years,Western,Gampaha (ගම්පහ),Minuwangoda Urban Council,Rural (ග්‍රාමීය),Household,3 - 4 persons,20–39 perches (500–999 m²),Both Bags and Bins,Medium Bag,Small Bin,1.0,1.0,2.0,0.0,0.0,0.0,0.0,0.0,0.0,1/2,0.0,0.0,,,,,,,,,,,,,,,Yes,No,,No,,More than 2 km,No collection,Burning in an open area (විවෘතව ගිනි තැබීම),No expenditure,"Irregular waste collection, Lack of recycling facilities",No,Very Dissatisfied
50 - 59 years,Western,Kalutara (කළුතර),Panadura Urban Council,Semi-urban (අර්ධ නාගරික),Household,5 - 6 persons,10–19 perches (250–499 m²),Both Bags and Bins,Small Bag,Medium Bin,1.0,1.0,1.0,1.0,,,,,,1.0,,,,2.0,2.0,1/2,1.0,,,,,,1/2,,,,Yes,No,,No,,1–2 km,Twice a week,"Municipal collection service (මහ නගර / ප්‍රාදේශීය සභා සේවාව මගින්), Composting (කොම්පෝස්ට් කිරීම), Burning in an open area (විවෘතව ගිනි තැබීම)","Rs. 1,000–2,999","Irregular waste collection, Lack of recycling facilities, Bad smell/pests",Yes,Neutral
40 - 49 years,Western,Kalutara (කළුතර),Bandaragama Pradeshiya Sabha,Rural (ග්‍රාමීය),Household,3 - 4 persons,80 perches and above (>2000 m²),Waste Bins,,Medium Bin,,,,,,,,,,,,,,3.0,6.0,1.0,1.0,0.0,0.0,0.0,0.0,0.0,4.0,0.0,0.0,1/2,No,No,,No,,No collection point available,Twice a week,Dumping in open areas (විවෘත ස්ථානවල දැමීම),No expenditure,Lack of recycling facilities,Yes,Dissatisfied
20 - 29 years,Southern,Matara (මාතර),Matara Municipal Council,Semi-urban (අර්ධ නාගරික),Household,3 - 4 persons,10–19 perches (250–499 m²),Both Bags and Bins,Medium Bag,Medium Bin,1/2,0.0,1/2,1/2,0.0,0.0,0.0,0.0,0.0,1.0,1/2,0.0,,1/2,0.0,1/2,1/2,0.0,0.0,0.0,0.0,0.0,1.0,1/2,0.0,0.0,Yes,Yes,Hand over to recycling centers,No,,Less than 100 m,Twice a week,Municipal collection service (මහ නගර / ප්‍රාදේශීය සභා සේවාව මගින්),No expenditure,Irregular waste collection,Yes,Satisfied
20 - 29 years,Western,Kalutara (කළුතර),Panadura Pradeshiya Sabha,Rural (ග්‍රාමීය),Household,3 - 4 persons,Less than 10 perches (<250 m²),Both Bags and Bins,Medium Bag,Jumbo Bin,1/2,2.0,2.0,2.0,0.0,0.0,0.0,0.0,0.0,2.0,2.0,0.0,0.0,1/2,1/2,1/2,1/2,0.0,0.0,0.0,0.0,0.0,1/2,1/2,0.0,0.0,Yes,Yes,Sell to collectors,Yes,Less than Rs. 500,1–2 km,Twice a week,Municipal collection service (මහ නගර / ප්‍රාදේශීය සභා සේවාව මගින්),No expenditure,Irregular waste collection,No,Satisfied
20 - 29 years,Western,Kalutara (කළුතර),Kalutara Municipal Council,Semi-urban (අර්ධ නාගරික),Household,5 - 6 persons,10–19 perches (250–499 m²),Both Bags and Bins,Medium Bag,Small Bin,1.0,1/2,"0, 1/2",0.0,0.0,"0, 1/2",0.0,0.0,0.0,"0, 1/2",1/2,0.0,,1/2,1/2,"0, 1/2",0.0,0.0,0.0,0.0,0.0,0.0,"0, 1/2",0.0,0.0,,Yes,Yes,Reuse at home,Yes,Less than Rs. 500,1–2 km,Twice a week,"Municipal collection service (මහ නගර / ප්‍රාදේශීය සභා සේවාව මගින්), Composting (කොම්පෝස්ට් කිරීම), Burying (වළ දැමීම), Burning in an open area (විවෘතව ගිනි තැබීම)",Less than Rs. 500,"Irregular waste collection, Lack of recycling facilities, Limited space for waste storage, Bad smell/pests",Yes,Satisfied
20 - 29 years,Western,Gampaha (ගම්පහ),Ja - Ela Urban Council,Urban (නාගරික),Household,3 - 4 persons,10–19 perches (250–499 m²),Waste Bins,,Small Bin,,,,,,,,,,,,,,1.0,1.0,1.0,1.0,0.0,1/2,0.0,0.0,1/2,1/2,1/2,0.0,0.0,No,Yes,Reuse at home,No,,500–999 m,Weekly,"Composting (කොම්පෝස්ට් කිරීම), Burying (වළ දැමීම), Burning in an open area (විවෘතව ගිනි තැබීම)",No expenditure,Bad smell/pests,Yes,Neutral
20 - 29 years,Western,Colombo (කොළඹ),Kesbewa Urban Council,Urban (නාගරික),Household,7 - 8 persons,10–19 perches (250–499 m²),Waste Bins,,Large Bin,,,,,,,,,,,,,,1.0,1/2,0.0,1/2,0.0,0.0,0.0,0.0,0.0,1/2,1/2,0.0,,Yes,No,,No,,More than 2 km,Weekly,Municipal collection service (මහ නගර / ප්‍රාදේශීය සභා සේවාව මගින්),No expenditure,"Limited space for waste storage, Bad smell/pests",Yes,Satisfied
40 - 49 years,Western,Colombo (කොළඹ),Kesbewa Urban Council,Urban (නාගරික),Household,7 - 8 persons,10–19 perches (250–499 m²),Both Bags and Bins,Medium Bag,Medium Bin,0.0,0.0,1/2,1/2,0.0,0.0,0.0,0.0,0.0,1/2,0.0,0.0,0.0,0.0,0.0,0.0,1/2,0.0,0.0,0.0,0.0,0.0,1/2,0.0,0.0,0.0,Yes,Yes,Reuse at home,Yes,Less than Rs. 500,1–2 km,Weekly,Municipal collection service (මහ නගර / ප්‍රාදේශීය සභා සේවාව මගින්),Less than Rs. 500,Bad smell/pests,No,Neutral
40 - 49 years,Western,Kalutara (කළුතර),Panadura Pradeshiya Sabha,Semi-urban (අර්ධ නාගරික),Household,1 - 2 persons,Less than 10 perches (<250 m²),Both Bags and Bins,Small Bag,Small Bin,0.0,1/2,0.0,1/2,0.0,0.0,0.0,,0.0,0.0,0.0,0.0,0.0,,,,,,,,,,,,,,Yes,Yes,Hand over to recycling centers,Yes,Less than Rs. 500,More than 2 km,Twice a week,Hand over to municipal collection  services,No expenditure,Limited space for waste storage,Yes,Satisfied
20 - 29 years,Western,Kalutara (කළුතර),Panadura Pradeshiya Sabha,Semi-urban (අර්ධ නාගරික),Household,3 - 4 persons,10–19 perches (250–499 m²),Waste Bins,,Small Bin,,,,,,,,,,,,,,2.0,0.0,1/2,1/2,0.0,0.0,0.0,0.0,0.0,1/2,1/2,,,Yes,No,,No,,More than 2 km,Twice a week,Municipal collection service (මහ නගර / ප්‍රාදේශීය සභා සේවාව මගින්),No expenditure,Irregular waste collection,No,Neutral
20 - 29 years,Western,Kalutara (කළුතර),Kalutara Municipal Council,Semi-urban (අර්ධ නාගරික),Household,5 - 6 persons,10–19 perches (250–499 m²),Both Bags and Bins,Large Bag,Small Bin,2.0,2.0,1.0,1.0,1/2,1/2,0.0,1/2,1/2,1.0,1/2,1/2,1/2,2.0,2.0,1.0,1.0,1/2,1/2,1/2,1/2,1/2,2.0,1/2,1/2,1/2,Yes,Yes,Hand over to recycling centers,Yes,Less than Rs. 500,More than 2 km,Weekly,Municipal collection service (මහ නගර / ප්‍රාදේශීය සභා සේවාව මගින්),Less than Rs. 500,Lack of recycling facilities,Yes,Neutral
20 - 29 years,Western,Colombo (කොළඹ),Kesbewa Urban Council,Semi-urban (අර්ධ නාගරික),Household,3 - 4 persons,10–19 perches (250–499 m²),Both Bags and Bins,Medium Bag,Large Bin,1.0,1.0,2.0,1.0,1.0,"1/2, 1",0.0,1.0,1.0,1/2,"1, 2","1, 2",1.0,1.0,1/2,"1/2, 1",1/2,1/2,1.0,1.0,1/2,1.0,1.0,1.0,1.0,1.0,Yes,Yes,Hand over to recycling centers,Yes,Less than Rs. 500,1–2 km,Twice a week,"Municipal collection service (මහ නගර / ප්‍රාදේශීය සභා සේවාව මගින්), Private collection service (පෞද්ගලික එකතු කිරීමේ සේවාව මගින්), Burying (වළ දැමීම), Burning in an open area (විවෘතව ගිනි තැබීම)",Rs. 500–999,"Lack of recycling facilities, Lack of awareness",Yes,Neutral
20 - 29 years,Western,Colombo (කොළඹ),Sri Jayawardenepura Kotte Municipal Council,Urban (නාගරික),Household,3 - 4 persons,10–19 perches (250–499 m²),Both Bags and Bins,Large Bag,Small Bin,1.0,1.0,2.0,2.0,0.0,0.0,0.0,0.0,0.0,1/2,2.0,0.0,0.0,1.0,1.0,2.0,2.0,0.0,0.0,0.0,0.0,0.0,1/2,2.0,0.0,0.0,Yes,Yes,Do all of them,Yes,Less than Rs. 500,More than 2 km,Weekly,Municipal collection service (මහ නගර / ප්‍රාදේශීය සභා සේවාව මගින්),Rs. 500–999,"Irregular waste collection, Lack of recycling facilities, Limited space for waste storage, Bad smell/pests",Yes,Neutral
20 - 29 years,Western,Kalutara (කළුතර),Beruwala Urban Council,Semi-urban (අර්ධ නාගරික),Household,5 - 6 persons,10–19 perches (250–499 m²),Both Bags and Bins,Large Bag,Medium Bin,2.0,2.0,1/2,1.0,0.0,0.0,0.0,0.0,1/2,1.0,1/2,0.0,,1/2,1.0,0.0,0.0,0.0,0.0,0.0,1/2,1/2,1/2,0.0,1/2,,Yes,No,,No,,More than 2 km,Twice a week,Municipal collection service (මහ නගර / ප්‍රාදේශීය සභා සේවාව මගින්),Less than Rs. 500,Irregular waste collection,Yes,Neutral
20 - 29 years,North Western,Kurunegala (කුරුණෑගල),Udubaddawa Pradeshiya Sabha,Rural (ග්‍රාමීය),Household,3 - 4 persons,80 perches and above (>2000 m²),Waste Bins,,Small Bin,,,,,,,,,,,,,,2.0,2.0,1/2,1/2,1/2,1/2,0.0,1/2,0.0,1/2,1/2,0.0,,Yes,Yes,Sell to collectors,Yes,"Rs. 1,000–2,999",1–2 km,Weekly,Composting (කොම්පෝස්ට් කිරීම),No expenditure,Lack of recycling facilities,No,Neutral
20 - 29 years,Western,Gampaha (ගම්පහ),Gampaha Pradeshiya Sabha,Urban (නාගරික),Household,3 - 4 persons,20–39 perches (500–999 m²),Waste Bags,Medium Bag,,1.0,1/2,1.0,1.0,0.0,1/2,1/2,1/2,1/2,1.0,1/2,0.0,,,,,,,,,,,,,,,Yes,Yes,Hand over to recycling centers,Yes,Rs. 500–999,100–499 m,Weekly,"Municipal collection service (මහ නගර / ප්‍රාදේශීය සභා සේවාව මගින්), Private collection service (පෞද්ගලික එකතු කිරීමේ සේවාව මගින්)",No expenditure,Irregular waste collection,Yes,Satisfied
20 - 29 years,Southern,Galle (ගාල්ල),Bope Poddala Pradeshiya Sabha,Urban (නාගරික),Household,3 - 4 persons,20–39 perches (500–999 m²),Both Bags and Bins,Large Bag,Large Bin,1/2,1.0,1/2,1/2,0.0,0.0,0.0,0.0,0.0,1/2,0.0,0.0,0.0,1/2,1.0,1/2,1/2,0.0,0.0,0.0,0.0,0.0,1/2,0.0,0.0,0.0,Yes,No,,No,,Less than 100 m,Weekly,Burying (වළ දැමීම),No expenditure,"Irregular waste collection, Limited space for waste storage",Yes,Neutral
40 - 49 years,Western,Kalutara (කළුතර),Panadura Urban Council,Urban (නාගරික),Household,5 - 6 persons,10–19 perches (250–499 m²),Both Bags and Bins,Large Bag,Extra Large Bin,1.0,1/2,"0, 1/2",1.0,1/2,1/2,1/2,1/2,1/2,1/2,1.0,1/2,1.0,1.0,1.0,1.0,1.0,1.0,1.0,1.0,1/2,1.0,1.0,1.0,1.0,1.0,Yes,No,,No,,1–2 km,Weekly,"Private collection service (පෞද්ගලික එකතු කිරීමේ සේවාව මගින්), Composting (කොම්පෝස්ට් කිරීම), Burning in an open area (විවෘතව ගිනි තැබීම)",Rs. 500–999,Bad smell/pests,Yes,Dissatisfied
